kor_sentence,labels
상저하고? 상고하저?…'눈물의 손절' 올해는 다를까 [2023 증시전망 上],0
"""올 한국증시, 미국보다 나을 수도""…펀드매니저들 입 모았다 [다시 열자! 3000시대]",0
"""1800억 규모 기술 이전""...알테오젠 '강세'",1
"아모레퍼시픽, 안세홍 대표이사 사임[주목 e공시]",0
(마감)프로그램 290억 매도 우위,2
"""에스티팜, 올해부터 올리고 API 이익 성장할 것…목표가↑""-상상인",1
시원찮은 여행주…中 관광객 믿고 담아도 될까,0
신인 데뷔·신규 컴백…엔터株 일제히 강세,1
"코스피, 새해 첫날 3000선 돌파…외인 강한 순매수",1
한화시스템 4%↑‥ 470억 '천궁 다기능레이다 PBL' 사업계약,1
" 원/달러 환율 1.6원 내린 1,271.0원(마감)",0
"""'1월 효과' 글쎄…LG에너지솔루션發 블랙홀 대비해야""",0
"""옐런은 反가상화폐로 유명""…美, 비트코인 규제 나서나",0
"Today's Pick : 삼성SDI, LG디스플레이, 대웅제약",0
"코스피, 개인·외인 '사자'에 상승 출발",1
"""상업용 부동산 대세는 00000""…관련주도 급등",1
"알에프바이오, 보툴리눔톡신 및 HA필러 신공장 설립 착수",0
" 원/달러 환율 2.3원 오른 1,194.1원(마감)",1
(마감)프로그램 2183억 매수 우위,1
"""대한항공, 화물운임 하락에 수익성 악화 전망…목표가↓""-흥국",2
"네이버, 작년 4분기 영업익 추정치 하회 예상…목표가 7.4%↓-이베스트",2
한국토지신탁 작년 2천146억원 수주…창사 이래 최대,1
중국 베이징올림픽 한달 앞 디지털위안 앱 출시,0
"""대출 회복·대규모 이익""…은행주, 증권가 호평에 '강세'",1
(마감)코스피 외국인 5078억 순매수,1
"미스터블루 ""자회사 블루포션게임즈, '에오스 레드' 日 시장에 선보여""",0
 삼성전자 작년 4분기 영업이익 4조3천억원…전년 대비 69%↓,2
" 원/달러 환율 0.6원 내린 1,087.0원(개장)",0
"조일알미늄, 2차전지 양극박 소재 공급계약 체결 소식에 주가 '급등'",1
"원/달러 환율 보합세…1,260원대 후반 등락",0
"수출입은행, 30억달러 외화채 발행…국내기관 최대규모",0
(마감)코스피 외국인 6697억 순매도,2
(마감)코스피 외국인 3160억 순매수,1
"구두개입에도 환율 1,200원 돌파…17개월만에 최고치",1
"""지난해 가상자산 시장, 39억달러 상당 손실…해킹이 95% 차지""",0
" 이녹스첨단소재, 4분기 호실적 기대감에 '강세'",1
"SK케미칼, 스탠다임과 류머티즘관절염 치료 후보 발굴",1
LG전자 작년 매출 74조7천억원 '사상 최대'…처음으로 美월풀 제친듯,1
"외국인·기관 쌍끌이…SK텔레콤, 10년來 최대폭 상승",1
" 국제(인민은행, 기업 해외융자 제한 완화…위안화…)",1
 (8일) 금호산업 등,0
"코스피, 美 긴축정책 여파 지속…""주가 과민반응시 매수기회""[주간전망]",1
 '회장' JY의 첫 투자 레인보우로보틱스…제2의 '삼바' 될까,0
"LG전자, 어닝쇼크 딛고 나흘째 상승…증권가 ""최악 국면 지났다""",1
(마감)코스피 기관 7380억 매수 우위,1
"""이마트, 실적 부진·투자 매력 감소…투자의견↓""-IBK",2
"에디슨EV, 쌍용차 인수 본계약 체결소식에 '급등'",1
"""목표가 30% 하향…자회사 상장시 주주가치 훼손""",2
"쌍용정보통신, EBS와 112억 규모 공급계약 체결[주목 e공시]",1
"세계 각국 올해 금리 두고 갈림길…""한·미 인상 vs 중·러 인하""",0
"""자율주행차 숨은 수혜주""…해성디에스, 신고가 '터치'",1
"""아모레퍼시픽, 중장기적 주가 우상향 기대에 목표가↑""-신한",1
"에디슨EV, 쌍용차 인수 본계약 체결 소식에 이틀째 급등",1
"쌍방울, 김성태 전 회장 검거 소식에 장 초반 약세",2
"'애플카' 호재 현대차, 삼바 제치고 시총 4위 ""주가 더 간다""",1
" 원/달러 환율 4.4원 내린 1,194.7원(마감)",0
(마감)코스피 기관 1724억 매수 우위,1
"""솔루엠, 올해 호실적 전망…ESL 성장성 확인""-IBK",1
"이마트, '쓱닷컴 유료 멤버십' 출시로 동반 수혜…경쟁력 확보-한국",1
" 원/달러 환율 0.7원 오른 1,098.0원(개장)",1
"미국 긴축 우려 일부 완화 …환율, 장 초반 1,189원 안팎",1
"""中 첫 입찰에 최다 수량 낙찰""...오스템임플란트, 이틀째 강세",1
"'제로 리저브 선언' 라인 블록체인 ""중앙화 우려 없다""",0
(마감)프로그램 1115억 매수 우위,1
"""내달부터 백신 접종""…호텔신라·신세계 동반상승",1
"법원, '라임펀드 불완전판매' KB증권 임직원들 1심 무죄",1
"""LG생활건강, 고마진 면세채널 부진…목표가 26%↓""-현대차",2
" 원/달러 환율 7.8원 내린 1,238.0원(개장)",0
"식신, 트윈코리아 사업부문에 허은솔 신임 대표 선임",0
"이복현 금감원장, 기관전용사모펀드 운용사 CEO 간담회 개최",0
"법원, 첫 P2E 게임 소송 '기각' 판결…스카이피플 패소",0
(마감)코스피 외국인 1904억 순매수,1
(마감)프로그램 101억 매수 우위,1
美 인플레이션 하락에 비트코인 연이틀 급등세…2만달러 육박,1
"CJ ENM, 콘텐츠 제작 강점 부각…드라마 '지리산' 부담 아쉬워-NH",1
"옵션만기일 맞은 코스피, 소폭 하락…""외국인 수급 주목""",2
"미래에셋운용, 국내외 ETF 운용규모 100조원 돌파",1
[코스피·코스닥 전 거래일(14일) 주요공시],0
"""14층에서 뛰어내린 기분""…고통 호소하는 카카오 주주들 [박의명의 불개미 구조대]",2
"파랗게 질린 코스피, 3100선 아래로…삼성전자 '9만원' 붕괴",2
"코스피, 방향성 타진…UAE투자 관련주 '강세'",1
"김치환 삼기이브이 대표 ""올해 매출 20~30% 성장할 것""",1
 코스피지수 상단 쉽게 뚫지 못할듯…방산 AI 로봇에 주목해야,0
"코스피, 기관 '팔자'에 하락 출발",2
"키움증권, 카카오 투자의견 '아웃퍼폼' 하향 조정",0
작년 주식결제대금 총액 375조5000억원…전년비 26.5% 감소,0
"청약한도 최대 2배…KB증권, 공모주 청약고객 위한 이벤트 실시",1
"풍산, 1647억 규모 대구경탄약 공급계약 [주목 e공시]",1
코스피 2900 깨졌다,2
" 원/달러 환율 0.3원 오른 1,239.0원(개장)",0
회장 사퇴·장내 매수에도 주가 뒷걸음…HDC그룹주 ↓,2
"셀리버리 ""복수 글로벌 제약사와 비지니스 합의점 도출""",1
"씨에스윈드, 554억 규모 윈드타워 공급계약 [주목 e공시]",1
코스피 2860선 마감…에코프로비엠 코스닥 대장주 '등극',1
"'2조 大魚' 프레스티지바이오파마 ""2030년 세계 톱10 항체기업 도약""",1
美 12월 PPI 전월比 0.5%↓…시장 예상치 대폭 하회,0
"17만 신라젠 주주들 어떡하나…'상폐 통보' 신라젠, 코스닥시장위서 결판",2
"코스피, 2년래 최고 급등한 美 국채금리에 주춤…시총상위株 대부분 내려",2
"미래에셋벤처투자, 250억원 유상증자에도 '강세'",1
"뉴진스, 데뷔 6개월 만에 '핫 100' 진입…하이브 5%대 '강세'",1
"코인원-포스텍, 연구센터 세워 암호화폐 기술 공동개발",0
" 원/달러 환율 1.0원 내린 1,102.9원(마감)",0
올해 채권 판매 723조원 기록 세워…인플레 둔화 기대에 급증,0
[코스피·코스닥 전 거래일(19일) 주요공시],0
"옐런 ""환율조작 용납안한다…중국의 불공정 무역관행과 싸울 것""(종합)",0
"'팔고갈까 vs 사고갈까'…코스피, 연휴 앞두고 '눈치보기'",0
" 오토앤, 코스닥 상장 첫날 강세",1
"윤창호 한국증권금융 사장 ""올해 26兆 넘게 유동성 공급…증시 활력 유지 목표""",1
 연준 '긴축 재부각'에 은행주 강세(종합),1
"LG전자, 12%대 급등 마감…모바일 사업 철수설",1
"햄버거 매장수 1위 맘스터치 ""자진 상폐""…주가 17% 급등",1
美 기술주 투매 현상에…삼성전자·SK하이닉스도 약세,2
"메드팩토 ""경쟁물질 임상 중단, 백토서팁에 긍정적""",1
2020년 말로 돌아간 코스피…반도체株 '와르르' 무너졌다,2
" (22일) 공모주청약=솔루엠(미래,KB) 등",0
 바이오주 올해는 뜰 수 있을까?…전문가 5인의 전망,0
비트코인 2주 새 30% 폭락,2
"""나 떨고 있니""…상폐 기로에 선 오스템임플란트, 거래소 결정에 '촉각'",2
 코스피 장중 2800선 무너져,2
"'낡은 규제' 외국인투자자 등록제, 30년 만에 폐지된다",0
(마감)프로그램 3488억 매도 우위,2
"상장 대박이요?...""5천만원 손실에 팔지도 못해요""",2
"코스피, 개인 '사자'에 오름세…원·달러 환율도 상승",1
MS '오픈AI 투자' 소식에 국내 챗봇 관련株 ↑,1
 '공장 화재' 에코프로비엠 반등,1
현대자동차 작년 영업이익 6조6789억원…전년 대비 178.9%↑,1
 이상고온에 천연가스값 급락해도…초고수들 BOIL '줍줍',0
'美동학개미' 로빈후드의 예상과 증시는 반대로 간다?,0
"""현대차, 물류 비용·원자재 가격 상승 부담 확대에 목표가↓""-메리츠",2
"'비트코인 옵션 거래소' 데리비트, 두바이로 이전 계획",0
"52주 신고가 경신…""신작 기대감 목표가 줄상향""",1
"네이버, 美 기술주 흔들리자 52주 신저가…4거래일 연속 내려",2
"에코프로비엠, 작년 4분기 영업익 970억…전년비 253.3%↑[주목 e공시]",1
"케이엠제약, 친환경 바이오 성분 이용한 치약 조성물 개발",0
포스코케미칼 작년 영업이익 1천217억원…전년 대비 101.9%↑,1
"지티지웰니스, 횡령·배임 혐의로 대표이사 등 고소[주목 e공시]",0
"코스피, 외국인·기관 매도세에 4거래일 연속 하락 마감",2
삼성물산 작년 영업이익 1조1천960억원…전년 대비 39.5%↑,1
[코스피·코스닥 전 거래일(26일) 주요공시],0
"""무디스, 스테이블코인 평가 시스템 구축 중""",0
"""LG유플러스, 올해도 외형 성장·수익성 개선세 지속할 것""-삼성",1
외국인 순매수 행진…코스피·코스닥 강보합,1
" LG이노텍, 지난해 '사상최대' 실적에 2%대 강세",1
"""아마존, 디지털자산 사업 준비 중…올 봄 NFT 이니셔티브 출범 예정""",0
삼성엔지니어링 작년 영업이익 5천33억원…9년만에 최대(종합),1
"기아, 5000억 규모 자사주 취득 결정 [주목 e공시]",0
" LG전자 작년 매출 74조7천억원 역대 최대…생활가전, 월풀 제치고 1위",1
70만원에 팔아도 없어서 못 산다…中 재테크 끝판왕 마오타이,0
DL 작년 영업이익 2천241억원…전년 대비 88.3%↑(종합),1
"호텔신라 작년 영업익, 전년 대비 34.1%↓…4분기 적자 전환(종합2보)",2
" LG에너지솔루션, 상장 후 2거래일 연속 '하락'",2
"툴젠, 티앤알바이오팹과 유도만능줄기세포 유전자교정 연구",0
"경동제약, 지속형 바이오의약품 개발 벤처에 20억원 투자",0
"KDAC, 신한은행 및 비트고와 업무협약 체결",1
호텔신라 작년 영업이익 1천188억원…2년만에 흑자전환(종합),1
호텔신라 작년 영업이익 1천188억원…2년만에 흑자전환(종합),1
(마감)코스피 기관 2536억 매도 우위,2
'린저씨' 눈물 멈출까…엔씨 '택진이형' 새 아이템은 TL [윤현주의 主食이 주식],0
신작 '미르M' 글로벌 출시 기대감…위메이드 '상승',1
원·달러 환율 9개월만에 최저…1227원에 장 마감,0
"""현대글로비스, 수익성 둔화 우려 있지만 주가 과도히 반영""-NH",0
"""영업이익 70% 급감""...삼성전자, 장 초반 하락세",2
지난해 감사인 지정 회사 1976곳…전년비 0.4%↑,0
"제일기획, 작년 영업익 3114억…전년비 25.5%↑[주목 e공시]",1
"현대백화점, 임시주총 앞두고 ""인적 분할 후 자사주 매입·소각""",0
SK하이닉스 4분기 영업손실 1조7천억원…10년만에 적자 '쇼크'(종합),2
"KB증권, 온라인 고객자산 21조원 돌파…프라임센터 밑바탕",1
"비스토스, 종합병원 산부인과 개설 의무화 추진에 '급등'",1
"세계 최대 블록체인 포럼 '컨센서스 2023', 미국 텍사스서 4월 개막",0
"""유튜브 악용한 은행 사칭 피싱사이트 속지 마세요""",0
'시총 상위' 종목 고공행진…대형주 오르자 중형주 더 올랐다,1
[코스피·코스닥 전 거래일(1일) 주요공시],0
"FOMC 결과에 나스닥 '훈풍'…네카오, 동반 상승세",1
(마감)코스피 외국인 1935억 순매수,1
"메리츠금융지주, 보통주 1주당 105원 현금배당 [주목 e공시]",0
Fed 긴축에…코인 투자 대기자금 석달 새 17% 줄었다,0
"""한국타이어앤테크놀로지, 이익 모멘텀 기대에 목표가↑""-다올",1
아마존 분기 매출 첫 1천억불 돌파…알파벳은 23% 증가(종합),1
"설 연휴 끝낸 코스피, 2% 가까이 급등… 2700선 회복",1
"피에스엠씨, HLB그룹 피인수 소식에 3거래일 연속 '上'",1
"엔피, 삼성전자 XR 생태계 확장 소식에 주가 급등",1
"코스모화학, 에코프로비엠과 341억원 공급계약에 강세",1
(마감)코스피 기관 5823억 매도 우위,2
"블룸버그 ""바이낸스, 고팍스 지분 과반수 인수""",0
"'만년 저평가' 은행株, 점프하려면?…""배당성향 높이고 月배당 도입해야""",1
" 이지트로닉스, 코스닥 상장 첫날 상승세",1
"보이스피싱 당한 3000만원, 원금 두 배로 돌려받은 사연은?",1
"이뮤노믹, 메르켈 세포암 치료제 美 1상 승인",1
"반토막난 '황제주' 엔씨, 목표가 줄하향",2
" 원/달러 환율 2.5원 오른 1,121.0원(개장)",0
 올해 '흑자전환' 기대된다는 삼성중공업…이번엔 진짜일까,1
美 고용보고서 '쇼크'...금융시장 '트리플' 약세,2
코스피 미끄럼에 2430선 후퇴…삼성전자 3.45% 급락,2
"한국타이어앤테크놀로지, 올해 비용부담 지속…목표가 19% 하향",2
"""롯데렌탈, 금리 상승에 따른 업황 둔화 가능성에 목표가↓""-NH",2
급증한 개인 투자자 모셔라…증권가 주말마다 서버 증설 '분주',0
"SK이노, 작년 매출 78조·영업이익 4조로 역대 최대(종합)",1
에코프로비엠 잇단 악재에 9%대 급락…그룹주도 휘청,2
한국조선해양 작년 영업손실 3천556억원…적자 축소,1
"통상임금 충격 유가가 막아…현대重지주, 지주전환 후 최대실적(종합)",1
"코스피, 0.55% 상승…2,450대 턱걸이",1
"하나투어, 작년 영업손실 1천12억원…여행재개에 적자축소(종합)",0
LG엔솔 지분가치 고작 10%?…바닥 찾는 LG화학,2
" 원/달러 환율 0.8원 내린 1,254.5원(개장)",0
" 세종텔레콤, 유상감자 결정에 '12%대 급등'",1
"예탁원 ""작년 상장사 104곳 상호 바꿔…이미지 제고 목적""",0
SKC 작년 영업이익 4천645억원…전년 대비 130%↑,1
"빗썸, 취약계층 가정 이른둥이 지원 기부금 전달",0
신한금융 작년 순이익 4조6천423억원 '역대최대'…15.5%↑(종합),1
롯데쇼핑 작년 영업이익 2천156억원…전년 대비 37.7%↓,2
SK바이오사이언스 작년 영업이익 1천150억원…전년 대비 75.7%↓,2
"OCI, 영업이익 561% 급증한 2181억",1
"KB금융, 코로나로 축소됐던 배당성향 다시 확대…목표가 6%↑-신한",1
"""카카오게임즈, 업종 내 모멘텀 가장 풍부""-한화",1
" 원/달러 환율 0.5원 내린 1,119.1원(개장)",0
"환율, 0.2원 하락 출발…장 초반 1,196원대",0
"코인베이스 CEO ""가상자산 스테이킹 규제 도입 현실화 우려""",0
"미국 핀테크 기업 '어펌', 오는 3월 가상자산 사업 종료",0
"FSN-메타콩즈, PFP NFT 프로젝트 '선미야클럽' 선보여",0
"스튜디오드래곤 작년 영업이익 652억원…""창사 이래 최대 실적""(종합)",1
"코스피, 기관·외국인 매수에 상승 마감…코스닥 910선 회복",1
KT&G 작년 영업이익 1조2천678억원…전년 대비 5.3%↓,2
BNK금융 작년 당기순이익 5천193억원…전년 대비 7.63%↓(종합),2
"롯데케미칼, 시황 악화에 작년 적자…영업손실 7천584억원(종합2보)",2
[코스피·코스닥 전 거래일(9일) 주요공시],0
"""넷마블, 신작 힘입어 올해 흑자 전환할 것…목표가↑""-다올",1
" 한국파마, 에이피알지 코로나 치료제 인도 임상2상 착수 소식에 강세",1
"예탁원, 토큰증권 협의체 구성…신한투자·미래에셋·람다256 등 참여",0
"KT&G, 주당 4800원 현금 결산배당 결정[주목 e공시]",0
"NH투자증권, 농식품 크라우드펀딩 누적 참여자 2만명 돌파",1
SK네트웍스 작년 영업이익 1천219억원…전년 대비 1.7%↓,2
(마감)코스피 기관 9184억 매도 우위,2
(마감)프로그램 6427억 매수 우위,1
SK케미칼 작년 영업이익 5천552억원…전년 대비 257.4%↑,1
"""재주 부리는 개미…돈 버는 XXX"" [정경준의 주식어때]",0
"""이마트, 오프라인 실적 부진…목표가 15%↓""-NH",2
"안랩, 작년 영업이익 229억원…전년 대비 14.8%↑",1
"코스피, 미 연준 긴축 부담에 하락…2,747.71 마감",2
'엎친데 덮친 격' 美 긴축에 우크라이나 침공 우려까지…증시 어디로 가나 [주간전망],2
 제약·바이오 소외된 와중에 치솟은 '만년 잠룡' JW중외제약,0
러시아 감산 발표에 유가 급등…정유주 강세,1
"도이치모터스, 지난해 영업익 657억…전년비 16.6%↑[주목 e공시]",1
"CJ제일제당, 해외사업 호조에 식품 연 매출 10조 첫 돌파(종합)",1
차기 예탁원 사장 '이순호·박철영·도병원' 3파전 압축된 듯,0
"코스피, 시총 상위株 와르르…인플레에 우크라이나 침공 우려까지",2
"NH투자증권, 바이오차 자발적 탄소배출권 비즈니스 구축",0
이마트 작년 영업이익 54%↓…서머캐리백 이슈·고환율로 고전(종합),2
"초록뱀미디어, 탑툰 운영사 '탑코'와 MOU…""웹툰· NFT 사업서 협약""",1
한국앤컴퍼니 작년 영업이익 2천386억원…전년 대비 4.5%↑,1
한전KPS 작년 영업이익 1천240억원…전년 대비 8.4%↓,2
[코스피·코스닥 전 거래일(10일) 주요공시],0
"""DB하이텍, 반도체 공급난에 제품 경쟁력 재평가돼""-신한금투",1
"마스턴운용 ""카카오엔터프라이즈와 데이터센터 개발 협력""",1
"""기업인 10명 중 8명, 올해 경제 전망 '부정적'""",2
"글로벌 수소 ETF 2종, 상장 첫날 약세",2
" 원/달러 환율 12.8원 오른 1,282.2원(마감)",1
(마감)코스피 외국인 7261억 순매수,1
"엔씨소프트, 작년 영업익 3752억원…전년比 54.51%↓ [주목 e공시]",2
"美 1월 근원 소매 판매, 전월比 2.3%↑…예상치 대폭 상회",1
"F&F, 작년 4분기 '어닝 서프라이즈'…대장주 입지 여전-신한",1
"네오위즈, 신작 'P의 거짓' 기대감에 장 초반 강세",1
"반도체株, 우크라 긴장 완화에 강세…SK하이닉스 13만원 회복",1
"에코마케팅, 작년 영업익 570억원…전년비 42.2%↑[주목 e공시]",1
(마감)프로그램 736억 매도 우위,2
(마감)프로그램 736억 매도 우위,2
"바이낸스, 美 SWIFT 송금 문제 직면…""대체 솔루션 찾는다""",0
코웨이 작년 영업이익 6천402억원…전년 대비 5.6%↑,1
"위믹스, 코인원서 거래 재개…최고가 3000원 기록후 하락",2
"""롯데쇼핑, 변화 감지…순익 7년 만에 흑자전환 주목""-신한",1
" 인터파크, 자사주 355만주 소각·흑자전환 소식에 '강세'",1
"국제 유가, 물가 상승·재고 증가에 사흘째 하락 [오늘의 유가동향]",0
바이오플러스 “창사 이래 최대 실적…中 하이난 판매허가 1분기 기대”,1
"""지난해 가상자산 범죄 규모 2년 연속 증가…206억달러 손실""",0
" 원/달러 환율 7.4원 오른 1,107.5원(마감)",1
"中 위안화, 국제결제 비중 3.2%로 최고…엔화 넘어 4위",1
"삼성증권, 신용융자 이자율 인하…23일부터 적용",1
'꿀잠 매트리스' 너만 믿었는데…1년 만에 '-60%' 눈물 [윤현주의 主食이 주식],0
"""유진테크, 1분기 사상 최대 분기 매출 기록 예상""-하이",1
"'9600조원' 굴리는 블랙록도 비트코인 투자…""조금 해봤다""",0
"'리오프닝株 '클리오, 색조 화장품 수요 폭증 전망에 4%대 강세",1
주가 500배 뛴 두올물산...회사측 “펀더멘털만 봐달라”,1
 (18일)  한미반도체 등,0
"바이오리더스, 폴리감마글루탐산 아토피 개선 日 특허 등록",1
"""콘텐트리중앙, 해외 스튜디오 실적 부진해…목표가↓""-DS",2
"""폐배터리 사업 진출 긍정적""…아이에스동서 '강세'",1
"금투협, 자격시험센터 홈페이지 전면 개편",0
올해만 30% 올랐다…기관이 10거래일 연속 순매수한 종목,1
"""한화솔루션, 단기 실적 부진 심화 전망…목표가↓""-DB",2
"데이타솔루션, 尹대통령 데이터경제 활성화 지시에 '급등'",1
카지노株 리오프닝 기대감에 강세…파라다이스 6% 상승,1
"고려제약, 작년 영업익 143억…전년비 27.2%↑[주목 e공시]",1
 우크라이나 긴장 고조에 에너지주 강세(종합),1
"""뉴욕 맨해튼 술집, 25비트코인에 거래""…이색 매물 화제",0
"포브스 ""美 SEC 스테이블코인 단속, 가상자산 시장 재편할 수도""",0
러시아-우크라 긴장 '최고조'…국내증시 1%대 하락 출발,2
"""최고 37만원 제시""…하이브 목표주가 올려",1
"신성이엔지, 임원 인사 단행…성과주의·신사업 방점",0
"메디톡스, 美 소송 합의에 상한가 직행…목표가 줄상향",1
"그라운드X, 서울리빙디자인페어 참가…""디지털 아트 전시·판매""",0
"블랙록, 아태지역 기관사업 대표에 히로유키 시미즈 선임",0
"환율 1300원 재돌파에…당국, 긴급 시장상황 점검회의 소집",0
 (23일) 공모주청약=하나머스트7호기업인수목적(하나),0
"상장 1주년 이 주식, 연기금 순매수 5조원 돌파",0
"""덕산네오룩스, 중국 수요 부진 이미 주가에 반영돼…목표가↓""-삼성",2
"아마존게임즈와 손 잡은 엔씨소프트, 주가 4%대 '상승'",1
유가증권시장 상승률 상위 15개 중 9개가 조선株,0
"""가상자산 겨울 '끝자락' 예측…아시아 트레이더들, 투자 확대 전망""",1
" 원/달러 환율 0.9원 오른 1,193.6원(마감)",1
(마감)코스피 기관 3004억 매수 우위,1
"""땡큐, BOK·Fed""…주식·원화 반등 성공",1
"지난해 상장사 배당총액 47%↑…삼성전자, 20조원 배당 영향",1
"""엘앤에프, 테슬라 수혜주될 것… 2차전지 업종 최선호주""-KB",1
"LG전자, 태양광 패널 사업 철수로 영업익 개선 전망-키움",1
"유한양행, 4분기 어닝 서프라이즈…증권가 호평에 반등",1
우크라 위기 수혜주?...'안전자산·실적기대감' 급등,0
천연가스 가격 오르나…러시아군 우크라이나 진입 명령에 가스주 급등,1
"""STO, '증권성 토큰' 대피처로 활용 가능…리스크 감소 의미 있다""",1
"코오롱글로벌, 작년 영업이익 1천764억원…전년비 40.5%↑",1
"현대重지주, 한국조선해양 290만주 매입…지분율 35.05%로 확대",1
"2월 넷째 주, 한경 마켓PRO가 주목한 종목과 이슈는? [위클리 리뷰]",0
"개미들 '줍줍' 잘했나…증권가 ""관망보단 매수하라""",1
"'美中' 훈풍에 코스피 급등, 3090선 돌파…SK하이닉스 8%↑",1
" 원/달러 환율 0.8원 내린 1,201.6원(마감)",0
 (25일) 세방 등,0
"'금리 발작'에 코스피 롤러코스터…""2970선 수성 여부가 고비""",0
1월 기업 직접금융 자금 조달 주식·회사채↑…CP·단기사채↓,0
 스페이스X 공급계약 소식에 세아그룹주 강세,1
"강원에너지, 지난해 영업익 26억…전년비 36.6%↑[주목 e공시]",1
"코스피, 장중 2400선 깨졌다 회복…원·달러 환율 1320원 돌파",1
"""한국콜마, 성장할 일만 남았다…목표가↑""-키움",1
" 풍원정밀, 코스닥 상장 첫날 강세…공모가 상회",1
웹툰도 만화로 '인정'…웹툰 관련주 '강세',1
삼성액티브자산운용 새 대표에 민수아 운용총괄,0
"현대미포조선, 2375억 규모 P/C선 4척 계약 수주[주목 e공시]",1
"우크라 사태 속 원/달러 환율 0.7원 오른 1,202.3원 마감",1
"동국제강, 작년 영업익 7435억원…전년비 7.4%↓[주목 e공시]",2
"국내 가상자산 스테이킹 규제에 촉각…""투자계약증권 가능성 유의해야""",0
"42일 연속 순매도한 국민연금…""24조 더 팔 수도""",0
"저스틴 선 ""홍콩의 가상자산 규제 개편, 중국 본토 정책 바꿀 수 있다""",0
" 한샘, 공개매수 소식에 장 초반 20% 급등",1
"코스피, 보합권 등락…우크라·러시아 교전 지속",0
"메리츠증권, MTS 개편…특화상품 서비스 'M PICK' 선봬",0
대규모 조직 개편나선 코스콤…3대 중장기 전략 박차,0
"애니플러스, 작년 매출액 전년比 3배 증가…""차별화된 밸류체인""",1
"닥사, 랠리(RLY) 유의 종목 해제",0
"금융위, '옵티머스 사태' NH투자증권·하나은행에 업무 일부 정지",0
기관도 주목하는 챗GPT…액티브ETF 내 AI株 비중 확대,1
"나노팀, '따상' 터치…공모가 대비 138% ↑",1
"코스피, 소폭 상승…""업종별 순환매 전망""",1
"코스피, 美 파월 한마디에 '안도 랠리'…시총 상위株 대부분 올라",1
" 원/달러 환율 14.0원 내린 1,301.6원(마감)",0
(마감)코스피 기관 2611억 매수 우위,1
"""음료업계 TSMC""…재평가 받는 삼양패키징",1
35조 매물 폭탄?…'이더리움 상하이' 투자 전략은 [블록체인 Web 3.0 리포트],0
"""BGF, 편의점 경쟁력 확대에 추가적 사업부 진출도 긍정적""-한화",1
"테고사이언스, 회전근개 파열 세포치료제 국내 1·2상 종료",0
"尹 ""오늘 총장 사직하려 한다"" 한마디에 '상한가' 직행한 종목",0
"""對러 제재로 물류대란 악화""…HMM, 14%↑",1
" 뉴욕증시, ""인플레 인내"" 파월 발언에 하락…나스닥 2%↓",2
(마감)프로그램 3390억 매도 우위,2
 역사적 신고가 경신 종목 보니…시장은 '이곳'에 관심,1
"""GM과 배터리 합작공장 설립""…삼성SDI 강세",1
"슈어소프트테크, 엔에이치스팩22호와 합병 승인…4월 코스닥 상장",0
"""2차전지 성장세 더 가파라질 것…K-배터리 중국 따돌릴 무기 있다""",1
"알라메다, 그레이스케일 상대로 환매 허용 및 운용보수 인하 소송 제기",0
카카오 공개매수 나서자…에스엠 주가 13% '급등',1
"코스피, 외국인·기관 팔자에 2700선 아래로…코스닥도 하락",2
"관세청, 작년 가상자산 환치기 5조6000억원 적발",0
"아이큐어, 이영석·이재범 대표이사 체제로 변경[주목 e공시]",0
"2차전지株, 끝 모를 '질주'…3월에도 계속될까 [분석+]",0
"원·달러환율 '속등'…1,230원 '목전'",1
"""LG전자, 극적인 실적 모멘텀 기대…목표가↑""-키움",1
" 삼부토건, 최대주주 지분 매각 추진 소식에 '약세'",2
"신한운용, '메가테크 액티브 ETF' 수익률 20% 기록",1
"美 금리 어디까지…""6% 올린 뒤 장기간 유지 가능성""",0
"금융투자협회, 조직개편 단행…사모펀드 지원업무 '강화'",1
(마감)코스피 기관 2924억 매도 우위,2
환율 연중 최고치 접근...고개 숙인 증시,0
[코스피·코스닥 전 거래일(8일) 주요공시],0
"전기차 시장 확대…다올證 ""화신, 배터리팩 케이스 수주 본격화""",1
"""영업익 흑자전환""…에쓰씨엔지니어링, 장초반 11% 급등",1
"“2차전지+정유산업 동시 호황 누린다…SK이노·LG화학 수혜""-KB",1
(마감)코스피 기관 2926억 매수 우위,1
비트코인 8% 급등…美 재무부 규제 완화 가능성,0
[코스피·코스닥 전 거래일(9일) 주요공시],0
"美 은행주 '쇼크'…코스피 2,400선 붕괴",2
"미 국채금리 진정에 원/달러 환율 하락 출발…1,140원 아래로",0
유가 급락에 되살아난 투심…코스피 2.06%·코스닥 2.31% '급등',1
"감사보고서 제출 임박…거래소 ""한계기업 투자 신중해야""",0
"""윤석열 당선으로 추경 적자국채 부담 완화 예상""",1
"노무라 ""삼성전자·하이닉스 아직 30% 상승 여력 있다""",1
"하이브, 사외이사 후보로 이미경·조백규 씨 추천",0
美 2월 비농업 부문 고용 31만1000명…실업률 3.6%,0
" 여행 관련주, 해외입국자 격리 면제 기대감에 강세",1
"기업은행, 원화 ESG 신종자본증권 5천억 발행…최저 가산금리",0
외인·기관 1조 순매도…코스피 2660선으로 미끌,2
쿠팡 상장에 국내 관련주 '껑충'…한국전자홀딩스 '上',1
"기아, 코로나에 작년 글로벌 공장 가동률 75%…2011년 이후 최저(종합)",2
" ""한번 더 속아줘?"" 아이폰15 기대감 부푸는 LG이노텍",0
"LG, 상속회복청구 소송 소식에 2거래일 연속 상승",1
"구영테크, 주당 30원 결산배당 결정[주목 e공시]",0
SVB 사태에 美 국채·금 등 안전자산 '쏠림'…공포지수↑,2
"""코오롱인더, 올 하반기부터 내년까지 증설 모멘텀 기대""-키움",1
"""풍산, 비철금속 업체아닌 방산업체로 봐야…목표가↑""-신한",0
SVB 사태에 안전자산 수요 급증…금 관련주 '급등',1
"현대차증권, 자산관리 컨설팅 지원 시스템 구축",0
"LB인베스트먼트 ""글로벌 벤처투자 명가로 도약…5년 내 AUM 2조 목표""",0
"영우디에스피, AI 서빙 로봇 '서빙고' 선보여…출하식 개최",0
공매도 빗장 풀리니 '와르르'…LG엔솔 '또' 신저가 [증시프리즘],2
"""美 지원책 못 믿겠다""...외인 투매에 급락 [증시프리즘]",2
 원·달러 환율 6.1원 내린 1305원 개장,0
"우크라 긴장 완화 기대감에 환율 하락…장 초반 1,240원선 공방",0
죽다 살아난 글로벌 자동차 업계 [해외주식 길라잡이],0
"'엠버 그룹 투자' 락엑스(RockX), 신규 리퀴드 스테이킹 플랫폼 공개",0
"딥노이드, 노코딩 AI 개발 플랫폼 '딥파이' 내달 정식 서비스",0
3년간 부정거래 55건 적발…내부자 거래 45건 최다,0
[코스피·코스닥 전 거래일(15일) 주요공시],0
비트코인의 진격…국내 가상화폐 시총 3년 새 10배로,1
"""LG이노텍, 구조적 이익 성장의 초입 국면""-KB",1
"""사우디와 손잡았다""...'아기상어' 삼성출판사, 장 초반 강세",1
"한국철강, 자사주 소각 공시에 강세",1
 초고수들 로봇주에 집중…로보티즈 사고 레인보우로보틱스 팔고,0
"비보존 헬스케어, 화장품 사업 본격 시작…비건 브랜드 출시",0
"환율, 7.1원 내린 1,235.7원 마감…나흘만에 하락",0
"""CS, 70조 자금 확보""…코스피, '약보합' 마감",0
[코스피·코스닥 전 거래일(16일) 주요공시],0
"SK하이닉스, 실적 나쁠수록 더 좋다?…BNK證 ""저가매수 기회""",0
"FOMC 예상 부합 평가 속 환율 10원 넘게 떨어져 1,220원대",0
"""외국인 차익실현 본격화""…2차전지株 약세",2
" 원/달러 환율 21.4원 내린 1,214.3원(마감)",0
(마감)코스피 기관 5338억 매도 우위,2
"이순호 예탁원 사장, 20일 취임식…노조 ""출근 저지 종료""",0
" SK하이닉스, 소폭 약세…시총 2위는 유지",2
모건스탠리 비트코인 펀드 출시 소식에 가상화폐 관련주 '강세',1
"코스피, 2,700선 회복…원·달러환율 1,207.60원 마감",1
"신성이엔지-탑솔라-하나은행, 그린뉴딜사업 업무협약",0
"""10억 벌고 퇴사"" 직장인 술렁이게 한 회사, 내부정보 거래의혹",0
"신한금융투자, 신한 중국본토 중소형주 펀드 판매",0
"""삼성전자, 반도체 업황 최악에 근접 중…주가 하락시 매수 전략 유효""-하이",2
"이브 라 로즈 ""이오스 네트워크 벤쳐스, 이오스 EVM·게임파이에 2000만달러 투자""",0
"주기영 크립토퀀트 대표 ""비트코인, 강세장 진입""",1
"골드만삭스 ""美 연준, 이번 FOMC서 기준금리 동결 예상""",0
"""러시아발 전쟁 여파에 해상풍력 확대 붐…수혜기업은?""-유진",1
"한국투자증권, 퇴직연금 디폴트옵션 이벤트 진행",0
"""다 오르고 후회하지 말고…"" 삼성전자에 베팅하는 개미들",0
"""애플페이 상륙했지만 영향력 '글쎄'""…관련주 약세",2
"거래소, '2022년도 컴플라이언스 대상' 시상식…대상에 키움증권",0
(마감)코스피 외국인 4871억 순매도,2
월가도 비트코인 열풍…코인 르네상스 주도할까,0
"금감원, 5대 코인거래소 대표 첫 소집…가상자산 제도권 '성큼'",0
"""LG엔솔 목표가 52만원…글로벌 업계 평균 수준으로 회복할 것""-신한",1
"휠라홀딩스, 지난해 매출 4조원 달성…영업이익은 11.7% 감소",0
안철수 국무총리설에…4거래일만에 36% 넘게 뛴 '이 종목',1
"""SK바사, 따상상 간다길래 300주 샀는데…계좌 증발할 판"" [이슈+]",0
(마감)코스피 기관 2844억 매수 우위,1
"자율주행 장착한 만도…""재평가 이제 시동""",0
오스템임플란트 2차 공개매수 돌입…상폐 초읽기,0
" 8위서 1위로…김남귀, 한일사료 업고 '역전 드라마'",0
"효성티앤씨, '깜찍 실적' 전망에 주가 5%대 '상승'",1
"차바이오텍, 에스씨엠생명과학 세포치료제 위탁생산 계약",1
곡물가 급등에 사료주 고공행진…현대사료 상한가,1
"엠투엔, 신한전기 흡수합병 이사회 승인[주목 e공시]",0
"'반토막' 메지온, 전환사채에 발목 잡히나…'무증'까지 나서",0
"코스피, 美금리 하락에도 1% 넘게 내려…LG화학 3.7%↓",2
"환율 하루만에 30원 '급락'…""美 금리 인상 종료 기대""",0
패키지기판 업체 앞다퉈 증설…소·부·장 신났다,1
"코스피, 물가 상승 우려에 하락…2,716.61 출발",2
물적분할 청사진 공개 DB하이텍…주가는 '환호',1
"포스코건설, 1천400억원 규모 ESG 채권 발행",0
"키움증권, 해외주식 양도소득세 무료 신고대행 서비스 실시",0
"비트코인, 美 금리인상 여파로 약세 ""2만8500달러 돌파시 재상승"" [강민승의 트레이드나우]",2
"한송네오텍, 감사의견 거절…""이의신청 통해 해소할 예정”",0
"""전기차 배터리 가격 18% 오른다""…골드만삭스의 전망",1
NFT로 가져보는 '기아 EV',0
"효성티앤씨, 1분기 '어닝 서프라이즈' 기대감에 강세",1
" 한솔케미칼, 올해 사상최대 실적 전망에 '강세'",1
(마감)프로그램 3003억 매도 우위,2
"트윗 한줄 33억원, NBA 장면이 2억원…NFT 뭐길래?",0
"美은행권 사태 여진에 촉각…""제2의 2차전지주 찾아라"" [주간전망]",0
"쌍용차 주식 휴지조각 되나…""1000억 날릴 판"" 주주들 패닉 [분석+]",2
'속절없는 리츠 주가'…한화리츠 공모가 밑으로 '뚝',0
"미래에셋증권, 한국거래소 ETN LP 평가서 단독 'A 등급'",1
" 원/달러 환율 7.2원 오른 1,301.5원(마감)",1
"""억소리 나는 임대수익"" 삼성FN리츠, 이름값할까…수익구조 살펴보니",0
[코스피·코스닥 전 거래일(25일) 주요공시],0
"바이낸스 CEO, 시세 조종 혐의 부인…""시장 조작한 적 없어""",0
에디슨EV·유앤아이 급락… 쌍용차 인수 최종 불발,2
"현대로템, 한국철도공사와 7100억 규모 계약 체결[주목 e공시]",1
"카카오, 윤석·최세정·신선경·박새롬 사외이사 선임[주목 e공시]",0
(마감)코스피 기관 761억 매수 우위,1
우주항공청 설립에 우주여행까지…'호재만발'로 관련주 '들썩',1
"LG에너지솔루션, 美 전기차 시장 개화에 따른 수혜주 '부각'-대신",1
"더블유게임즈, 71억 규모 자사주 소각 결정[주목 e공시]",0
"""블록체인·반도체 집중 투자""…SK스퀘어 연이틀 강세",1
"""한샘 자사주 남용해 지배력 강화...자사주 소각하라""",0
"신한금융투자, 이스트스프링 미국 자문형랩 출시",0
"신한금융투자, 이스트스프링 미국 자문형랩 출시",0
"코스피, 미국 증시따라 강세 마감…시멘트·2차전지株 부각",1
"라인 링크(LN), 오는 4월부터 스테이킹 서비스 제공",0
전선업 진출하는 호반…2천518억원에 대한전선 인수(종합),0
"""한국전력, 31일 전기요금 인상 여부 발표가 이익 회복 승부처""-NH",0
 마이크론 호실적 발표에 반도체주 '강세',1
"'CEO 공백 장기화' KT, 52주 신저가",0
"감마누, '더에이치큐' 사명 변경…관광 플랫폼 구축",0
"가상자산 금융서비스 '하이퍼리즘', 보라 GC 합류",0
" 원/달러 환율 3.7원 내린 1,299.0원(마감)",0
세상에 없던 '쌍방향 미디어 플랫폼' 시동…31개 기업과 협업,0
"엑셈, 한전 스마트계량기 사업 수주…""파트너십 강화 기대""",1
美 신규실업수당청구 19만8000건…4분기 GDP는 2.6%↑,1
'강성부 펀드' 지분 매입…DB하이텍 또 다시 급등,1
"증권사 MZ세대 직원들, '이 교육' 받고 싶어 안달났다는데",0
"원/달러 환율 보합세…1,210원선 등락",0
VIP운용 '성과연동형 공모펀드' 첫 출시…대표가 직접 운용,0
"대신정보통신, 유승민 경기지사 출마 기대감에 급등",1
중개형 ISA로 '머니 무브'…주식 투자는 물론 세제 혜택도 쏠쏠,1
"SM, 이수만 떼고 3.0 닻 올렸다…새 대표이사에 장철혁(종합)",0
"""하이트진로, 가격 인상·거리두기 완화 효과…목표가 5%↑-하이",1
"엔시스, 코스닥 상장 첫날 급등…4만원 '돌파'",1
노랑풍선 '포스트 코로나' 채비…김진국 대표 신규 선임,0
"코스피, 유가 부담·인플레 우려에 하락…외인·기관 '팔자'",2
친환경주 화려한 부활…'바이든 인프라 투자안' 50% 친환경,1
"대신증권 ""풀무원, 1분기 영업이익 200% '급증' 전망""",1
"곡소리 나는 CJ ENM, 'K콘텐츠 넘버원'이라더니… [연예 마켓+]",0
인플레 완화-IRA 호재에 코스피·코스닥 상승출발,1
"이복현 금감원장 ""시장 불안정 계속되면 공매도 재개 검토 안 해""",2
"제임스 불러드 ""최종금리, 5% 이상으로 가야…내말 들어라""",0
" '1위 약속' 지킨 김남귀, 누적수익률 20% 돌파",1
OPEC+ 감산에 유가 6% 급등…1년만에 최대 상승폭 [오늘의 유가동향],0
"GC 자회사 진스랩, 장평주 대표이사 신규 선임",0
"코드, 국제자금세탁방지전문가협회(ACAMS)와 업무협약 체결",1
NFT 가격 70% 하락…'기술혁신 아니라 유동성 버블이었나',2
美 셰일 탐사·생산기업 ETF 주목할 만,0
" 원/달러 환율 0.7원 내린 1,315.8원(마감)",0
"적립식 투자 vs 저점서 매수…비트코인 수익률, 누가 더 높을까",0
"美 2월 일자리 수, 약 2년만에 1000만개 아래로",0
"한화증권 ""상반기 성장주 이익하락 추세 지속…3분기 개선 기대""",1
"환율, 투자심리 회복 속 보합…장 초반 1,214원대 등락",0
"금감원-중기부, 전통시장 상인 금융사기 예방 MOU 체결",1
"미 웨드부시, 테슬라 목표주가 1천달러로 상향",1
"""쌍용차 인수 어려워""…주가는 상한가 반등",1
"대명에너지, 400억 규모 CB·BW 납입 완료[주목 e공시]",0
 (5일) 켐트로닉스,0
"""3월 DEX 거래량 1331억 달러…지난해 5월 이후 최대치""",1
"""생산 정상화 가시성 높아져야…현대차 목표가 12.5%↓""-하이",2
"네오핀, 여행 플랫폼 트립비토즈와 맞손…'차세대 웹3 여행 플랫폼' 구축 나선다",0
'BTS 지민 빌보드 1위'에 주가 상승…하이브 주주들 '환호',1
"디엑스앤브이엑스, 지아이비타와 건강관리 서비스 개발 MOU",1
"카카오, 7%대 강세…장중 54만원도 '돌파'",1
"""美 경기 침체 우려""…코스피, 기관·외인 매도세에 2450선 '후퇴'",2
송치형 두나무 회장 '가상자산 부자 세계 8위',1
"""한국전력, 전기요금 인상 지연돼 적자 늘어나…목표가↓""-신영",2
" '상생·성장' 나선 카카오, 2거래일째 '약세'",2
'올해 큰 거 온다' 블핑에 GD까지…증권가 톱픽은 '이 회사',0
코로나 재확산세…'酒가' 어찌하오리까,0
"NH투자증권, 해외부동산 투자 및 해외자산 상속·증여 컨설팅 MOU 체결",1
"DXVX, 92억2천300만원 규모 3자배정 유상증자",0
"2,700선 깨지자 1.3조 순매수...'6만전자' 연저점",0
"4월 첫째 주, 마켓PRO 핫종목·주요 이슈 5분 완벽정리 [위클리 리뷰]",0
"원/달러 환율, 안전자산 선호에 상승…장 초반 1,222원대",1
"희림, 303억 규모 리모델링사업 설계용역 계약[주목 e공시]",1
"""역대급 실적에도 이틀째 신저가""…맥 못추는 '삼성전자'",0
 (9일) 보통주추가상장=카카오 등,0
"에이치엘사이언스, '우슬조인트100' 몽드셀렉션 금상 수상",1
"""코인 누구나 쉽게 만들어…거래 활발한지 먼저 살펴봐야""",0
"아비트럼 커뮤니티, '7억 ARB 다오에 반환' 제안",0
"'788억원 유상증자' 셀바스AI, 장 초반 17%대 급락",2
"블록체인 R&D 기술기업 온더, 24일 '2023 부산 블록체인 컨퍼런스' 개최",0
"코스피, 8개월 만에 2500선 마감…외인 매수세에 2차전지 파워",1
"케일럼, 100억원 유상증자…그린테크시스템에 제3자배정",0
"""LG화학, 하반기 차별화된 실적 개선에 주가 재평가 기대""-신한",1
"넥스턴바이오, 이브이첨단소재 지분 확대…장초반 16% '급등'",1
"두빛나래소프트, 주관사로 IBK證 선정…""내년 코스닥 상장 추진""",0
'英 록스타' 데이비드 보위 미공개 곡 …갈라뮤직서 NFT로 한정 발행,0
"코스피, 외국인 '팔자'에 하락 마감…LG엔솔 3%↓",2
"코스피, 금리 동결 효과로 외국인·기관 매수...1.4% 상승",1
"아발란체(AVAX) 기반 샤프넬, 토큰 세일로 700만달러 조달",0
"""21개 비트코인 채굴 상장사, 시총 150억달러 넘어""",1
"하나증권, 에코프로 '매도' 의견…""5년 후 예상 가치 넘어서""",2
"GS글로벌, EU 러시아 석탄 수입 금지에 이틀 연속 상승",1
"포스코홀딩스, 혼다와 전기차 협력 강화…주가 7%↑",1
"큐리언트, AACR서 'Q901' 내성 유방암 치료효과 발표",1
"금감원, 외부감사 대상회사 외부감사인 선임 관련 온라인 설명회 개최",0
" 메릴린치 ""현대차, EPS 가치 저평가…매수 추천""",1
고개드는 보복소비…삼성카드 주가 탄력받을까,1
"NH투자증권, QV대여풀 서비스 가입 이벤트 진행",0
"주춤하는 이차전지…""대형주에 눈 돌릴 때"" [증시프리즘]",0
"소프트뱅크, 디파이 인프라 개발사 블록스루트에 투자",0
 (13일) 변경상장=라이브플렉스→ES큐브 등,0
[코스피·코스닥 전 거래일(12일) 주요공시],0
"""英 투자자 3대주주 됐다""…LG 주가 장 초반 '강세'",1
"코스피, 기관 매수세에 상승 출발…삼성전자 '반등'",1
"에코프로비엠, '화재' 오창공장 가동 재개에 강세",1
"""펌텍코리아, 신규 고객사 확보로 1분기 최대 매출 전망""",1
"지놈앤컴퍼니 ""신규 표적 'CNTN-4', 위암 생존율과 연관""",0
"키움증권, 부동산 수익증권 거래 플랫폼 펀블과 MOU",1
"국민의힘, 가상자산특위→디지털자산특위로 확대 개편 전망",0
"새내기株 상장 첫날, 4배까지 오를 수 있다",1
"""블랙록 CEO, 가상자산 연구하고 있다""",0
 (13일) 하나제약,0
"아스트라 프로토콜, 트럼프 정권 비서실장 대행 믹 멀베이니 영입",0
"""LG전자, 가전 사상 최대 실적 전망""-KB",1
"HK이노엔, 중국서 품목허가 획득에 강세",1
에코프로 사흘 만에 반등…이차전지주 대거 급등,1
"LS전선아시아, 1분기 영업익 68억…전년比 12.8%↑[주목 e공시]",1
"우정바이오, GMP제조소·동물실험실 구축 계약에 '상승'",1
"현대미포조선, 2308억 규모 P/C선 4척 수주 계약 체결[주목 e공시]",1
"현대약품, 한양대 맞춤의약연구원과 업무협약 체결",1
"버핏의 버크셔해서웨이, 1조6천억 규모 엔화채권 발행",0
포스코홀딩스 1분기 영업이익 2조3천억원…작년 대비 43.9%↑,1
 (15일) 변경상장=경남바이오파마→블루베리NFT 자안→자안바이오 등,0
美 국채 금리 2.8% 돌파에 '하락'…나스닥 2.14% '급락'[뉴욕증시 브리핑],0
美 국채 금리 2.8% 돌파에 '하락'…나스닥 2.14% '급락'[뉴욕증시 브리핑],0
"""애플폰 효과 하루로""..힘 못받는 자화전자",2
"마이클 세일러 ""비트코인으로 주주 가치 높였어…엄청난 성공 거둬""",1
"""없어서 못판다""…LG전자, 미국 세탁기공장 증설",0
"미국 긴축 경계감에 원/달러 환율 상승…1,230원 턱밑 마감",0
"은성수 금융위원장 ""공매도 재개는 정상화로 가는 것""",0
"크라운제과, 상한가…""윤석열 제3지대 신당 합류?""",0
 (16일) 쌍용자동차 등,0
"긴축 공포에 2700선 내준 코스피…""기업 실적 주목해야"" [주간전망]",2
"""LIG넥스원, 증설·연구 개발비 발생해 영업익 줄어들 것…목표가↓""-NH",2
"멀티체인 대출 프로토콜 '헌드레드 파이낸스', 옵티미즘서 700만달러 해킹 손실",0
"금융당국 ""종투사 해외법인 대출 규제 완화 추진""",1
"2년넘게 속썩인 바이오株…""투자할때 따져야할 변수는""",0
"""국산 코로나 백신 나오나?""..SK바사 '강세'",1
"100만원 넘보는 주가…""신사업에 달렸다""",0
"아비트럼 커뮤니티, '7억 ARB 4년 간 언락 제안' 등 최종 가결",0
"코스피, 개인 매수에 강보합 전환…장중 2700선 터치하기도",1
 천성호 교보증권 금융상품감리 부장 배우자상,0
"쓸어담은 개미 울고, 내던진 외국인 웃었다",2
"""카카오, 하반기로 갈수록 실적 회복 예상""-한국",1
" 원/달러 환율 0.7원 오른 1,117.0원(개장)",0
'또 상한가' 사료 관련주 줄줄이 초강세,1
중국 경제 회복 조짐에 리오프닝주 '훈풍',1
"미래에셋증권, 1분기 퇴직연금 적립금 증가율 1위",1
(마감)코스피 기관 3604억 매수 우위,1
(마감)코스피 기관 1157억 매도 우위,2
 (20일) 구주주청약=다원시스 등,0
"""한국금융지주, 1분기 업황 좋았지만 투심 회복에 시간 필요""-NH",0
MZ·여성 '골린이' 대거 유입에…골프웨어株 '나이스샷',1
"""상장 실질심사 대상서 제외""…골드퍼시픽, 거래 재개 첫날 '上'",1
코스피 美 긴축 우려에도 반등…개인 홀로 '사자',1
" ""유럽리츠 비중 줄여야…美 최선호 리츠는 산업·노인주거용""",1
" 코스피, 3개월 만에 사상 최고치 경신",1
중소 거래소 9월께 대거 문 닫을 수도,2
"""코스닥 조정에 매수""…'8만전자' 데자뷔 [증시프리즘]",1
"“콜마비앤에이치, 1분기 실적 감소 예상…2분기 회복 기대”",0
"에스엠코어, 313억 규모 자동공장 공급 계약…52주 최고가 경신",1
"유틸렉스, 이중항체 면역항암제 'EU505' 위탁개발생산 계약",1
"코원플레이, 파산신청 기각[주목 e공시]",0
"메타비트, 글로벌 탈중앙화 거래소 유니스왑에 BEAT 상장",0
우리금융지주 1분기 영업이익 9천333억원…작년 대비 20.7%↑,1
"키움증권, '키움히어로즈 파트너데이' 실시…테슬라 주식 쏜다",0
 (21일) 네패스아크 등,0
"""10년 버티니 드디어""…한화에어로스페이스 '존버' 통했다 [윤현주의 主食이 주식]",0
"코스피, 美국채금리 급등에 하락 출발…장중 2700선 붕괴",2
"'화상회의' 퍼시스, 연일 상한가…코로나 재확산 우려",0
신한지주 1분기 영업이익 1조9천60억…작년 동기 대비 13.3%↑,1
KB금융 1분기 영업이익 1조7천472억원…작년 동기 대비 68.1%↑,1
"코인베이스, 최대 4% 가상자산 적립 혜택 카드 출시",0
알트코인 '무더기 상장'으로 대박난 암호화폐 거래소…투자자 보호엔 '구멍',0
"지구의 날, 국내 최초 자발적 탄소 거래 플랫폼 '팝플' 오픈",0
"이엔코퍼레이션, 친환경 폐기물 체질개선 분석에도 약세",2
현대위아 1분기 영업이익 274억원…작년 동기 대비 67.6%↓,2
암호화폐 '검은 금요일'…비트코인 6000만원 붕괴,2
"""에스엠, 중장기 실적 개선 전망…목표가↑""-흥국",1
"코스피, 장 초반 약세…삼성·하이닉스 1%대 하락",2
"현대로템, 신용등급 전망 상향에 52주 신고가",1
" ""2차전지 잇는 반도체·바이오, 대장주를 주목하라""",0
천보 1분기 영업이익 16억원…작년 동기 대비 90.9%↓,2
"""현대모비스, 외형 성장에도 이익 정체…목표가↓""-메리츠",2
 케이피에스 주가 시원찮네…자회사 IPO 이어 합병 논의 중,0
SG증권발 매물 폭탄주 또 폭락…이틀 연속 '하한가',2
포스코 ICT 1분기 영업이익 180억원…흑자 전환,1
"미투온, P2E 게임 '엑스 히어로즈 NFT 워' 글로벌 정식 출시",0
"Sh수협은행, 1분기 순익 842억원…전년 대비 24%↑",1
" 원/달러 환율 2.6원 내린 1,332.2원(마감)",0
기아 1분기 '어닝 서프라이즈'…매출·영업익 모두 역대 최대,1
"'롤러코스터' 코인, 큰코다치지 않으려면…",0
"2차전지 수혜주 이아이디, 'CB 폭탄'에 오버행 '경고등'...추가 물량 대기 중",0
"NH투자증권, 투자 콘텐츠 구독서비스 '나무 멤버스' 출시",0
"'어닝서프라이즈' 현대차, 호실적 지속 전망에 '신고가'",1
포스코 1분기 영업이익 1조5천524억원…작년 동기 대비 120%↑,1
"SK텔레콤, MSCI 제외 가능성 커져…현대중공업 편입되나",0
"LG엔솔, 북미시장 성장세에 '깜짝실적'…IRA 세액공제 수혜도(종합2보)",1
기업은행 1분기 영업이익 7천803억원…작년 동기 대비 18%↑,1
한미약품 1분기 영업이익 605억원…작년 동기 대비 47.9%↑,1
아난티 1분기 영업이익 354억원…작년 동기 대비 64.2%↑,1
현대제철 1분기 영업익 3천339억원…전분기 대비 흑자전환(종합),1
"""화폐로 인정 안하면서 과세하나"" vs ""소득 있는곳에 세금 부과는 당연""",0
"""현대차, 수익성 개선과 주주환원 양호""…목표주가↑",1
"""이커머스 전방시장 둔화…카카오페이 목표가 13%↓""-교보",0
"""가격제한폭 확대 8년…첫 4연속 하한가 터졌다""",0
"SK증권, 1천500억 규모 인천도시공사 ESG채권 대표 주관",0
"유진그룹 계열사 동양, 572억 기숙학원 신축공사 수주",1
"""임창정이 당했다고? 나는 망했다""…개미들 '패닉'",0
현대글로비스 1분기 영업이익 4천66억원…작년 동기 대비 4.6%↓,2
오스템임플란트 상장 유지키로…거래정지 4개월 만,0
" LG전자, 1분기 영업익 1.5조 '깜짝실적'…가전 첫 1조 넘어",1
LG전자 1분기 '깜짝 실적'…TV·가전 영업익은 삼성전자 6배(종합),1
외국환시세(4월27일·마감가),0
(마감)코스피 외국인 6786억 순매도,2
포스코홀딩스 1분기 영업익 7천47억원…작년 동기 대비 69.6%↓(종합),2
"""대기업 사외이사 보수 2년전보다11%↑…작년 평균 5천410만원""",1
"카카오페이, 美 종합증권사 '시버트' 인수 추진",0
" (28일) 공모주청약=SKIE테크놀로지(미래, 한국) 등",0
"""2년4개월 만에 거래 재개""…KG모빌리티 급등세",1
"LG화학, 업황 부진 속 호실적에 강세",1
"DB, 1분기 영업익 160억…전년 대비 57.9%↑[주목 e공시]",1
엘비세미콘 1분기 영업이익 106억원…작년 동기 대비 23.3%↑,1
LX인터내셔널 1분기 영업이익 2천457억원…작년 대비 116.9%↑,1
"대웅제약, 올해 1분기 영업이익 268억원…32.6% 증가",1
"KH필룩스, 상장폐지 이의신청서 제출[주목 e공시]",0
" 원/달러 환율 2.6원 오른 1,113.0원(마감)",1
"""환율 1,300원도 가능""…경기 어려운데 물가충격 우려",0
"넥슨, 비트코인 투자…1억달러어치 사들여",0
"아바코, 1분기 영업손실 72억…전년비 26.7%↓[주목 e공시]",2
"""마스크 진짜 벗는다""…새옷 입고 날개 펴는 의류株",0
"코스피, 소폭 상승…""전날 급락에 반발 매수 나타나""",1
"""드디어 마스크 벗는다""…화장품株 '들썩'",0
현대중공업 1분기 영업이익 284억원…작년 동기 대비 9%↓,2
"코스피 1%대 상승 마감…2,690대",1
"위험선호 심리 회복…원/달러 환율 1,108.2원 마감",1
롯데칠성음료 1분기 영업이익 416%↑…주류 흑자전환(종합),1
"클레이튼, 가스비 시범 인하...약 100만KLAY 소각 예정",0
"지방금융지주, 깜짝 실적에 '신고가'…""배당 확대 기대""[이슈+]",1
파트론 1분기 영업이익 158억원…작년 동기 대비 32.7%↑,1
"""공매도 여부·대주주 개입 조사""…금융당국 본격 수사 전환",0
"마이크로스트래티지, 1분기 손상차손 1890만달러…비트코인 랠리로 손실 폭↓",0
"“한미약품, 하반기 연구개발 성과 가시화로 호실적 이어갈 것”",1
"코스피, 외국인 '사자'에 상승…코스닥도 '빨간불'",1
BTS 군대 가도 솔로로 선방…하이브 분기 영업익 41.5%↑(종합),1
금호석유화학 1분기 영업이익 1천302억원…작년 동기 대비 71%↓,2
"시티랩스, 한국형 모빌리티 산업 발전 기업 협의체 참여",1
"시티랩스, 한국형 모빌리티 산업 발전 기업 협의체 참여",1
"FOMC 경계감은 커녕…기관, 레버리지 올라탔다",0
DL 1분기 영업이익 323억원…작년 동기 대비 51.1%↓(종합),2
부인 반대에도…8년 전 비트코인 투자한 '천재 남편' [임현우의 비트코인 나우],0
"""BGF리테일, 양호한 주가 흐름 전개 예상""-대신",1
"녹십자, 코로나19 영향으로 자회사 호실적…독감백신 수출도 긍정적-대신",1
FOMC·美은행 우려감...개인만 홀로 순매수,0
"안랩, 안철수 보궐선거 출마설에 이틀째 강세",1
KG스틸 1분기 영업이익 813억원…작년 동기 대비 15.3%↓,2
비트코인 '7000만원 회복'…은성수發 하락 벗어났다,1
코오롱인더 1분기 영업이익 639억원…작년 동기 대비 11.1%↓(종합),2
"원·달러 환율, FOMC 앞두고 하락세…1338원에 장 마감",0
외국인 1조 '공매도 폭탄'…개미 많이 산 종목에 집중 포화,0
"'하따' 푹빠진 동학개미…""잃는게 더 많다""",0
"지난해 신용평가 등급하향 조정 우위 계속…""코로나19 충격 점차 회복 중""",0
"카카오, 예상치 하회하는 1분기 실적 발표에 주가 '휘청'",2
"국내증시, FOMC 앞두고 숨고르기…코스피 2,690선 출발",0
"초록뱀미디어 ""최대주주 등 임원들, 181억 유상증자 참여""",0
비에이치 1분기 영업이익 89억원…작년 동기 대비 60.2%↓,2
"HDC현대산업개발, 3858억 규모 신월2 재건축정비 수주 [주목 e공시]",1
" 원/달러 환율 1.4원 내린 1,122.6원(마감)",0
" 원/달러 환율 15.4원 내린 1,322.8원(마감)",0
(마감)프로그램 96억 매수 우위,1
" ECB, 기준금리 0.25%P 인상",0
"엎친데 덮친 파라다이스, 실적 부진에 공매도 재개 '휘청'[분석+]",2
"""아직 전쟁 한창인데""…우크라이나 재건 테마株 '들썩'",1
美 기술주 폭락 '후폭풍'…신저가 경신하는 포털·게임,2
美 금리 인상 기대감에 은행주 강세…'52주 신고가' 잇따라,1
美 지역은행주 급반등…팩웨스트 82%↑,1
현대백화점 1분기 영업이익 650억원…작년 동기보다 336.3%↑,1
(마감)프로그램 4096억 매도 우위,2
'도지·비트코인캐시' 주춤…이더리움클래식은 상승세 [코인 시세],0
"CJ대한통운, 1분기 영업익 481억원…전년비 17%↓",2
콜마비앤에이치 1분기 영업이익 284억원…작년 대비 17.9%↑,1
"""한국금융지주, 높아진 건전성 부담…목표가↓""-이베스트",0
"'테라·루나 사태' 전담 수사 검사, 신현성 변호 로펌으로 이직…""부적절"" 논란",0
"비트코인, 3만4000달러대까지 밀려…美 금리인상 '쇼크' 지속",0
"중국 당국 규제에도, 중국인 가상자산 거래 활발…""완전 근절 어려워""",0
한국항공우주산업 1분기 영업이익 194억원…작년 대비 50.6%↓,2
"""네이버, 1분기 실적 컨센서스 부합…하반기 커머스 주목""",1
"""K-콘텐츠에겐 오히려 기회""…콘텐트리중앙 '강세'",1
힘 못 쓰는 반도체·자동차…국내 증시 일제히 하락 출발,2
"檢, 라덕연 체포…주가 폭락 사태 보름 만",0
한섬 1분기 영업이익 591억원…작년 동기 대비 30.7%↑,1
"현대백화점, 1분기 영업익 779억…전년비 12.4%↓[주목 e공시]",2
"환율 장중 연고점 경신…1.3원 오른 1,274원 마감",0
"암호화폐 채굴자 과세, 전기료는 '필요 경비'로 빼줘",0
키움증권 1분기 영업이익 3천889억원…작년 동기 대비 82.4%↑,1
"저커버그 ""이번주부터 인스타그램에서 NFT 테스트""",0
"""키움증권 최근 금융상품 이슈, PF 리스크보다 낫다""-NH",1
"""신작 공백 메운 실적…크래프톤, 게임주 군계일학""",0
"'호실적' CJ제일제당, 급락장 속 강세",1
코웰패션 1분기 영업이익 203억원…작년 동기 대비 12.1%↑,1
NHN 1분기 적자 전환…영업이익 작년 대비 38.2%↓(종합2보),2
"SKT 1분기 영업익, 전년동기비 14% 증가…""신사업 실적이 견인""(종합)",1
"모처럼 '시총 5000억 공모주'…기가비스, 코스닥 도전장",0
"NH아문디 100년 기업 그린 코리아 펀드, 친환경 기업에 투자…설정 후 수익률 12.6%",0
(마감)프로그램 2689억 매수 우위,1
"거래소, 사회책임투자채권 상장수수료 면제기간 2년 연장",0
클래시스 1분기 영업이익 167억원…53.3% 증가,1
"SKIET, 오늘 증시 입성…'따상'하면 1주당 버는 돈이",0
NHN 1분기 영업이익 191억원…작년 동기 대비 23.1%↑,1
"""현대백화점, 패션이 강한 회복 성장 견인할 것""-교보",1
"""美 인플레 둔화 확인""…2,500선 회복한 코스피",1
"씨에스윈드, 6%대 급락…증권가 ""1분기 저점 가능성""",0
"한국투자증권, 뱅키스 고객 대상 IRP 수수료 전액 면제",1
"유진투자증권, '해외주식 패키지' 이벤트 진행",0
신세계인터내셔날 1분기 영업이익 331억원…작년 대비 55.6%↑,1
"한화에어로, 1분기 영업이익 659억원…1천959% 증가(종합)",1
롯데쇼핑 1분기 영업이익 1천125억원…작년 동기 대비 63.7%↑,1
美 물가지표 발표 앞두고 숨고르기…코스닥 1.19%↑,1
웹젠 1분기 영업익 97억…인건비 증가에 전년 동기 대비 56%↓,0
"아크리아스튜디오, 미시간벤쳐스 등으로부터 투자 유치…""IP 3.0 비전 이룰 것""",1
"어디까지 떨어지나...루나(LUNA), 1달러마저 붕괴",2
 (11일) 금호타이어 등,0
"코스피, 예상 웃돈 美물가에 하락 출발…코스닥 850선 위태",2
"""인플레 지나니 경기 침체""…증시 하락 출발",2
"환율 한때 1,285원까지 상승…5거래일째 연고점 경신(종합)",1
KT&G 1분기 영업이익 3천177억원…작년 동기보다 1.2%↑,1
"한국투자증권, 인니 증권거래소와 ETF 활성화 등 협력선언",1
비트코인 수수료 폭등에…주목받는 라이트닝 네트워크,0
(마감)코스피 기관 2483억 매도 우위,2
넷마블 1분기 영업손실 119억원…적자 전환(종합),2
넷마블 1분기 영업손실 119억원…적자 전환(종합),2
'두나무 나스닥 상장 준비' 소식에 마로 40%대 급등 [코인 시세],1
" 한국 수출 '벼랑 끝?'…""글로벌 공급망 변화는 기회""",0
"""봄날 온다""… 신세계인터내셔날 목표가 올려잡는 증권가",1
'게임주 훈풍'...영업손실에도 컴투스홀딩스 강세,1
시총 상위주 대부분 '파란불'…셀트리온 3형제만 '고개',2
"현대차 ""美 주정부와 전기차공장 설립투자 협상 중"" [주목 e공시]",0
(마감)코스피 외국인 14323억 순매도,2
한전KPS 1분기 영업이익 225억원…작년 동기 대비 60.1%↓,2
 (14일) 신규상장 = 에이치피오(357230) 등,0
"에이치피오, 코스닥 상장 첫날 하락세…시초가 대비 9%↓",2
"코스피, 개인 매수세에 장중 1% 넘게 상승…삼바 6%↑",1
두산건설 1분기 영업이익 169억원…작년보다 55%↑,1
"세아제강지주·KSS해운…""저평가 가치株가 뜬다""",0
"미래아이앤지, 1분기 영업익 흑자전환 소식에 '상한가'",1
금융당국 '루나 사태' 긴급 동향 점검…디지털자산기본법 속도낸다,0
'투자경고' 모르겠고…상한가 찍고 하락 '출렁',2
"국힘, 내달 9일 최고위원 보선…가상자산 보유 이력도 심사",0
"KX하이텍, 1분기 영업익 13억…전년比 64%↓[주목 e공시]",2
"""고맙다, 트와이스""…JYP엔터, 1분기 깜짝 실적에 주가 급등",1
글로벌 '밀 쇼크' 강타…음식료 관련株 폭등,1
"美 SEC, 코인베이스의 규제 명확성 요청 질의에 답변 거부",0
"케이옥션, 1분기 영업익 34억…전년比 51.4%↑",1
"삼성전자 사던 외국인, 5월엔 '네이버' 몰려…카카오는 외면",0
"코오롱, 1분기 영업이익 952억원, 43%↑…""수익성 개선""",1
 5월 17일(월) ~ 5월 21일(금),0
 하이투자 김대영 선두 계속…계좌엔 곱버스·인버스 ETF,0
"에스엠, 증권사 호평에 8% 가까이 급등",1
"한국투자증권, 동해안 산불 피해지역에 '한국투자 고객의 숲' 조성",0
"이수페타시스, 1분기 영업이익 189억원…시장 컨센서스 상회",0
"금감원 ""해외주식 투자시 위험성·매매 수수료 등 주의해야""",0
실적장세 '포트폴리오' 어떻게 짜야할까 [허란의 경제한끼],0
"아이윈플러스, 420억원 주주배정 유상증자 결정",0
갑자기 배당 축소나선 메리츠…메리츠 둘러싼 說說說,0
"""美 디폴트시 비트코인, 주식 등 위험자산 약세 보일 것""",2
"강원에너지, SK에코엔지니어링과 67억원 규모 증기발생기 공급 계약",1
"""중국 EV 공급 과잉으로 수출 둔화…실적·목표가↓""",0
"코스피, 美·EU 경기 회복 기대감에 상승 출발…삼바 90만원 재차 돌파",1
"LG생건 ""푸르밀 인수, 구체적 결정은 아직"" [주목 e공시]",0
"메리츠증권, 단기 통안채 ETN 3종 상장",0
"환율, 나흘 연속 하락…2주 만에 1,260원대",0
비트코인 시세 '출렁'…與 김병욱 '가상자산법' 발의,0
상처뿐인 개미...배터리 짝사랑의 결과 [증시프리즘],0
"""테슬라가 다했다""…셀트리온헬스케어 제치고 코스닥 2위 등극",1
"""외인들 그렇게 사더니""…삼성·SK하이닉스 연중 최고치",1
"아이티엠반도체, 국내 전자담배 시장 진출…'릴 하이브리드 이지' 단독 공급",1
"한화투자증권-네이버 해피빈, 친환경 사회공헌 캠페인 MOU",1
美 성장주 몰빵한 '동학법인' 곡소리 난다,0
'코로나의 역설'이 지배하는 증시,0
" ""'연준에 맞서지말라'...미리 예측하고 움직이면 위험할수도""",0
"환율, 한미정상회담 앞두고 하락세…1,260원대 출발",0
비트코인 급락 소식에 암호화폐 관련주 하락…비덴트 10%↓,2
'중후장대' 부활…삼성전자 빼고도 깜짝실적,1
잘못 송금한 암호화폐…24시간 안에 찾아주는 수수료가 100만원?,0
"바이든, 우크라 추가 군사지원 발표…탄약·장갑차 포함",0
반도체 패권전쟁…글로벌 장비株들 웃는다,0
주식시장 반등하나…美 바이든 방한에 쏠린 눈 [주간전망],1
주식시장 반등하나…美 바이든 방한에 쏠린 눈 [주간전망],1
"""공급축소로 가격하락 방어""…삼전·하이닉스 '매수' 유지",1
'사적 이해관계 대상 코인' 포함…국회법 개정안 소위 통과,0
"WTI, 72달러 눈앞…부채한도 협상에 소폭 상승 [오늘의 유가]",0
"1,200조 재건사업 기대감…삼부토건 연이틀 급등",1
"""뉴스에 팔아라?""…원전株, 개장 직후 급등했다가 조정받아",1
"거래소, 종목코드 체계 개편…""코드 중복 방지·발급 여력 확보""",1
"크리스에프앤씨, 이천물류창고 화재로 '털썩'",0
"이현승 KB자산운용 대표 ""시장 변동성 커져…자산배분 안정형 상품 확대""",1
암호화폐는 '검은돈'?…작년 불법용도 0.3% 불과,0
사우디 또 감산할까…장관 경고에 WTI 72달러 돌파 [오늘의 유가],0
"""곡물가 랠리 올 하반기가 마지막…식료품 상승세 탈 듯""-하나금융",0
"9조 넘게 던진 외국인, '호텔신라'는 챙기는 이유",0
"""대조양 인수로 포트폴리오 강화""…한화 목표가 4만원",1
바이든 방한 수혜주 '순환매'…에스피시스템스 상한가,0
" 초고수들, 2차전지 저가매수…곡물주는 이미 '익절'",0
"블리츠웨이, '블리츠웨이스튜디오' 인수 완료…""연결 기준 실적 개선""",1
반도체 부족에…현대차·현대모비스 아산공장 24~26일 생산중단 [주목 e공시],0
"거래소, 한화·한투운용 소규모 ETF 2종목 내달 상장폐지",0
다시 고개든 미중 불확실성...맥 없이 무너진 증시 [증시프리즘],2
 (24일) 코위버 등,0
"피치 ""美 부정적 관찰대상""…증시 보합권 출발",0
"일진머티리얼즈, 매각 보도에 13%대 '급락'",2
"HD현대일렉트릭, 878억 규모 변압기 공급계약 [주목 e공시]",1
" 원/달러 환율 5.1원 내린 1,122.0원(마감)",0
" 원/달러 환율 1.6원 내린 1,264.6원(마감)",0
 (25일) DL건설 등,0
지난달 주식회사채 발행규모 전월比 45.1%↑…대규모 유상증자 덕,0
"Today's Pick: ""펄어비스, 다가오는 붉은사막""",0
"""배터리, 이제 셀보다 소재""…무조건 담아야 할 기업은?",0
'매도 리포트' 후폭풍…공매도 잔고 1조 돌파,1
"한국블록체인협회, 업권법 TFT 발족…""업계 목소리 낸다""",0
"업비트 ""LUNA2 에어드랍 지원...재상장 보증은 아냐""",0
박삼구에 발목 잡힌 아시아나항공·금호건설…주식 매매 정지,0
 BTS 백악관 초청 소식에 하이브 주가 '상승',1
"판타지오, 미래아이앤지·엔케이물산과 영상콘텐츠 개발",0
"포스코케미칼, 자기주식 7만5187주 취득[주목 e공시]",0
"""스태그플레이션 발생하면 비트코인에 호재…그 이유는""",1
 (28일) 재상장=에코프로에이치엔,0
"루나2.0 에어드랍 비율 공개…""공격 전 홀더에 보유량 103% 분배""",0
"코스피, 외인·기관 '사자'에 1% 가까이 상승…현대차 4%대↑",1
"""악몽의 5월""…비트코인, 월간 기준 10년 만에 '최대 낙폭'",2
"""비트코인 미결제약정 급증…추가 상승 제한적일 것""",0
"전기차·신재생에너지 확대에 '방긋'…""전선株 뜬다""",1
美 부채한도 상향 합의…국내 증시 상승 출발,1
엔데믹 기대에 날았다…저비용항공사 이틀째 강세,1
" ""이젠 반도체의 시간""…반도체·장비주 쓸어담는 초고수들",1
(마감)코스피 외국인 3558억 순매수,1
"원/달러 환율, 미국 금리 인상 우려에 상승…1,324.9원 마감",0
"""한샘, 영업익 흑전 내년 기약해야 할 듯…목표가↓""-NH",2
"""첫 'KRAS' 억제제 FDA 승인…국내 개발업체는 나이벡""",1
" 원/달러 환율 3.6원 내린 1,235.0원(개장)",0
" 삼성운용, 국고채 만기 채권 ETF 2종 상장",0
"SGC에너지, 570억 규모 신규시설 투자 결정[주목 e공시]",0
"백신 맞고 쉬세요…KB證, 코로나19 백신휴가 도입",0
"코스피, 기관 '팔자'에 하락 마감…코스닥, 2차전지 강세에 ↑",2
"원/달러 환율, 3거래일째 하락…1.4원 내린 1,237.2원 마감(종합)",2
"6월 1일부터 홍콩 가상자산 시장 개방…""핵심은 투자자 보호""",0
"해시드, 이더리움 기반 자산 관리 플랫폼 '세트 랩스' 후속 투자",0
"진영, 코스닥 입성 첫날 '상승'…공모가 대비 108%↑",1
"씨앤투스성진, 중간배당 권리주주 확정 위해 주주명부 폐쇄[주목 e공시]",0
"드래곤플라이, 셀바스AI와 MOU…AI 기술 활용 '박차'",1
(마감)코스피 기관 6532억 매수 우위,1
자유·평화·번영…글로벌 복합위기 극복 위한 연대 '박차',1
"셀트리온, 악템라 바이오시밀러 미국 임상3상 신청 [주목 e공시]",1
"""자기자본 감소 가장 클 것""…목표가 하향",0
"CJ CGV, 4000억 규모 전환사채 발행에 약세",2
"""아기상어가 이겼다""…머스크 트윗에 주가 치솟은 삼성출판사",0
 '고평가' 논란에도…초고수픽은 와인업계 1호 상장 나라셀라에,0
"코스피, 1년만에 종가 기준 2600선 돌파…외국인·기관 '사자'",1
"원/달러 환율 14.9원 급등해 1,252.1원에 마감",0
"'피의 5월' 지난 비트코인…JP모간 ""아직 바닥 아니다""",0
"청담글로벌, IPO 흥행 부진 털고 코스닥 상장 첫날 급등",1
증권사 1분기 순이익 3조원 육박…증시 활황 수혜,1
"금감원, 아·태 5개국 회담서 '가상자산 규율체계 필요성' 등 논의",0
"""삼성전자보다 더 올랐다""…올해만 40% 급등한 '이 종목'",1
“LG화학 투자 포인트 중 변한 것 없어…목표가 유지”-키움,0
"국내 게임사, P2E 소셜 카지노 게임 시장 진출 채비...""해외시장 공략""",0
"답답했던 5G 장비株, 5G 이젠 잘 터질까",1
"""美 중앙은행, 6월 회의서 금리 인상 건너뛸 것""-하이",0
"힘스, 삼성디스플레이와 60억 규모 제조장비 공급계약 [주목 e공시]",1
"김진원 아레스 대표, NFSWA재단 ‘우수혁신 IT기업가상’ 수상",1
"바이낸스 ""SEC 제소, 적극 방어할 것""",0
엔비디아 담았더니…올 들어 70% 급등,1
"""포스코퓨처엠, 2차전지 소재 업체 '톱픽'…경쟁력 갖춰""-현대차",1
"'계륵' 된 건설주, 낮아진 정책 기대감 속 추천주는?",2
" 원/달러 환율 5.3원 내린 1,111.2원(개장)",0
"힘스, 삼성디스플레이와 54억원 규모 공급계약 [주목 e공시]",1
대성에너지 6%↑…천연가스 가격 급등에 관련주 강세,1
"광명전기, 삼성전자와 104억 규모 공급계약 [주목 e공시]",1
(마감)코스피 외국인 1876억 순매도,2
"증권가 ""크래프톤 신작 기대감 크다""",1
"""포스코홀딩스, 철강 업황 개선돼 2분기 실적 회복될 것""-현대차",1
"하나금투 ""해성디에스, 2분기 실적 추정치 상향…목표가 10.6% 올려""",1
"모비데이즈, 스팩 합병상장 첫날 급락",2
"""예스티, 신규 라인업 성과 기대…올해 흑자전환 전망""-한양",1
(마감)코스피 기관 748억 매도 우위,2
(마감)코스피 기관 2617억 매수 우위,1
"원/달러 환율 0.1원 내린 1,303.7원 마감",0
 실적·수주 함께 뜨는 HD현대중공업…2011년 영광 재현할까,1
" 롯데칠성, 호텔롯데의 블록딜 여파에 하락",2
"원전株, 조정 하루만에 반등…두산중공업 5.33%↑",1
"""스트레이키즈, 초동 신기록""…JYP엔터, 52주 최고가 경신",1
"위니아에이드 ""2025년 매출 1조 목표""…9~10일 수요예측",0
1년 만에 2640선 넘은 코스피…환율 1200원대 안착,1
"퓨전, 감사의견 거절 전 100억 유출…'고의 상폐' 의혹도",0
"자메이카, CBDC 법적화폐로 인정…""세계 최초""",0
"SK텔레콤, 주식 액면분할 결정…액면가액 500원→100원[주목 e공시]",0
" 영풍제지, 매각 훈풍 기대감에 3거래일째 상승",1
"신한운용, TDF 라인업 확장… 2055년형·장기성장시리즈 추가",1
" 원/달러 환율 0.4원 오른 1,115.8원(마감)",1
"커브 내 stETH/ETH 디페깅…""대규모 stETH 청산 가능성 논란""",0
"""더는 못 버텨요""…'7만전자' 찍자 본전 챙기고 떠난 개미들",0
"코스피, 美인플레 우려에도 소폭 오름세…삼성SDI 4%대↑",1
에셋플러스운용도 '액티브 ETF' 뛰어든다,0
"알에프세미, 195억 규모 LFP셀 공급 계약…주가 9% '상승'",1
"""막말 사과해""vs""못해""…중국시장 테마주 약세",2
 하나금투 김대현 독주 속 2~3위 경쟁 치열,0
글로벌 약세에 기관·외인 줄매도…은행주 약세 행진,2
"국내 5대 거래소, 공동협의체 출범...""루나 사태 재발 방지""",0
크래프톤 상장예비심사 승인…중복청약·따상 기대해도 되나,1
"""대한항공, 진에어 지분 인수, 모두에게 최선의 선택""-한국",1
"""비트코인 3천만원 붕괴""…암호화폐 관련주 하락",2
"지더블유바이텍, '코리아랩 2022' 전시 참가",0
(마감)코스피 기관 3332억 매도 우위,2
반대매매 몰린 계좌 6배 급증…폭락장에 빚투 개미들 '피눈물',2
"하나은행, 4천350억 규모 ESG 후순위 채권 발행",0
"""BTS 활동 잠정중단""…하이브 '52주 신저가'",2
"""셀시우스, 뱅크런 가능성 매우 높아...ETH 추가하락 전망""",2
" 코스피, 이틀 연속 사상 최고치 경신…3,258.63 마감",1
"조광ILI, 주당 5.0주 무상증자 결정",0
 (15일) SK바이오팜 등,0
제2의 노터스?…무상증자 소식에 연일 강세,1
"윌링스, 새 주인 찾기 '산 넘어 산'…인수자 자금력 우려",0
"네이버, 장중 상승세에 시가총액 3위 자리 탈환",1
"실적 오르는 낙폭과대주, 지금 담아볼까",0
 (17일) 신규상장=라온테크(232680) 등,0
"신규 상장 범한퓨얼셀, 공모가 상회 출발",0
"코스피 2400 붕괴…외국인, 공매도 쏟아내며 '불난집 부채질'",2
'BTS 효과' 하이브 30만원 돌파 목전…지금 사도 될까,1
"코스피, 간신히 지킨 2440선…삼전, '5만전자'로 털썩",2
"LG화학, ESS 대량 수주 '희소식'에 꿈틀",1
"웰크론한텍, 오송캠퍼스II 신축공사 계약 체결[주목 e공시]",1
코스피 '산 넘어 산'… 긴축 불확실성 해소에도 물가 변수 여전 [주간전망],2
"비플라이소프트, 코스닥 이전 상장 첫날 강세…공모가 웃돌아",1
"아이엘사이언스 ""미래차 산업의 게임 체인저될 것""",1
크레버스·리드코프·HD현대…'여름 보너스' 주는 기업 사볼까,0
누구나 쉽게 웹사이트 만든다…'올인원 플랫폼' 스퀘어스페이스,0
"코스피, 기관 매수에 상승 출발…2400선 놓고 공방",1
신작모멘텀 회복 기대감…게임주 일제히 강세,1
"거래소, 스카이문스테크놀로지 상폐 여부 결정[주목 e공시]",0
"FTX·클레이스왑 등 CDN 접속 장애 해결…""서비스 정상화""",0
美-北 대화 빗장 풀리나…경협株 들썩,0
"""분상제 개편안, 추가 대책 미흡…시장 반응 냉담""",0
"삼성중공업, 5543억 규모 LNG선 공사 수주[주목 e공시]",1
"한화시스템 ""현대로템에 K2 전차 3차 양산 부품 공급키로"" [주목 e공시]",0
"테더, 영국 파운드화 기반 스테이블 코인 'GBPT' 공개",0
"공포에 휩싸인 코인시장 ""3만달러 깨지면 투매 나올 것""",0
"원/달러 환율, 장중 1300원 터치…약 13년만",0
"카카오, 52주 신고가 경신…액분 후 처음으로 16만원 돌파",1
"""설마 5만전자 갈까""…외인 던진 3조 받아낸 개미들 피눈물",2
"FSN ""자회사 FSN 아시아, '2022 APAC 톱10 디지털 마케팅 기업' 선정""",1
변이 확산에…진단키트·백신株 급등,1
"전경련 ""글로벌 ESG 공시 기준 우리 기업에 과도한 부담 우려""",0
"""지금이라도 '서학개미' 합류하려면…OO주 투자해야""",0
"""삼성SDI와 8.5조 공급 계약'…일진머티리얼즈 급등세",1
" 코스피, 사상 최고치 경신…3286.10 마감",1
(마감)코스피 외국인 320억 순매도,2
" 코스피, 사상 첫 3300선 돌파…美 인프라 투자 합의 영향",1
중국 비트코인 규제에 시장 요동…나머지 채굴업체 '어부지리',0
코로나19 위기 탈출하나 했더니…'3高'에 발목 잡힌 항공업계,2
"""전기요금 인상안 오늘 발표""...한전 개장초 강세",1
"코스닥 상장 앞둔 에이치피에스피 ""고압 어닐링 기술로 첨단시장 선도할 것""",1
 바이오 호재 쏟아졌는데…업종지수는 '비실',2
"은행들, 코인거래소 사고 '면책기준' 요구",0
" 원/달러 환율 1,286.5원 보합(개장)",0
"피에이치씨, 관계사 코로나19 키트 수출허가 획득에 급등",1
" 하이브, 보호예수 만료 앞두고 약세",2
"코스피, 외국인·기관 팔자에 '약보합' 마감…3300선은 사수",0
" 원숭이두창 테마, 진단키트株도 삼켰다",0
 (28일) 동방 등,0
"'철옹성' 깬 미르M…위메이드맥스, 8%대 '급등'",1
"지니너스, 주당 2.0주 무상증자 결정",0
"신한은행, 국내 금융사 첫 '카카오 클레이튼 GC' 참여",0
美 1분기 GDP 1.6% 하락…PCE 물가 지수는 7.1%↑,0
"""삼성SDI, 미·중 전기차 패권경쟁 수혜 기대…목표가 5.5%↑""-신한",1
"""물가 올라도 편의점은 간다""...실적개선 전망에 강세",1
"엔젠바이오, 암유전자 변이 분석 알고리즘 국내 특허 등록",1
" 원/달러 환율 0.6원 내린 1,298.4원(마감)",0
급락한 LG엔솔에 2차전지株 '와르르',2
"한컴라이프케어, 증권신고서 제출…공모가 최대 1만3700원",0
"증권사 '매도' 의견 충격 컸나…카뱅, 장중 3만원 붕괴",2
"증권사 '매도' 의견 충격 컸나…카뱅, 장중 3만원 붕괴",2
"옵티팜 ""세계 최고 수준 돼지 췌도 분리 수율 확보""",1
"하나증권, 새 간판 달고 재도약…""고객 가치 소중히 여겨""",1
"스탯, 카카오톡 클립서 '트레이더 카드' 서비스 개시…블루밍비트에 첫 적용",0
"기재부, 외환법 개편 추진...""가상자산 지급 수단 인정""",0
"SG, 아스콘연합회와 '친환경 설비 보급' 업무협약 체결",1
"코스피, 코로나19 델타 우려로 상승폭 반납…코스닥 연중 최고치 경신",1
도지코인 아들 '베이비 도지' 탄생…혁신인가 쓰레기인가 [임현우의 비트코인 나우],0
" 원/달러 환율 2.2원 오른 1,299.5원(개장)",0
"드래곤플라이 ""자회사 디에프체인, 윤상규 신임 사장 선임""",0
(마감)코스피 외국인 1385억 순매도,2
'컬리' IPO 속도 낼 듯…보유지분 의무보유확약서 제출,0
코스피 장 초반 상승…3290대 회복,1
우크라 재건회의 개최 소식에…테마주 강세,1
(마감)코스피 외국인 1350억 순매수,0
(마감)코스피 기관 2633억 매수 우위,1
"넥소, 라이벌 대출 플랫폼 볼드 인수 진행 중…""60일간 실사 진행""",0
 (5일) 뉴인텍 등,0
치솟는 환율에 외국인 '팔자'…코스피·코스닥 하락,2
"세화아이엠씨, 최대주주 이브이첨단소재로 변경[주목 e공시]",0
"웨이버스, 제3국 신도시 통합관제솔루션 수출",0
펄펄 끓는 뉴욕 호수…주범은 코인 채굴장?,0
"FTX, 개인투자자 BTC 레버리지 파생상품 투자 승인 요구",0
바이오株 코로나 약발 끝났나…“다시 신약 개발 주목할 때”,0
"""알라메다 리서치, 보이저 디지털에 3.7억달러 대출 드러나""",0
"게임학회장 ""P2E, 베트남도 합법 아냐...기술력부터 갖춰라""",0
(마감)코스피 기관 8342억 매도 우위,2
"""매일이 신저가""…'엔터 종합백화점' CJ ENM에 무슨 일이?",2
" 유안타證 홍광직, 누적수익률 70% 넘기며 1위 굳히기",1
"""에코프로비엠, 연중 강한 이익모멘텀 지속…목표가는 22%↓""-한국",1
"제로투세븐, 매각설에 장중 9%대 급등",1
동양피스톤 “현대차에 수소전기차 연료전지부품 공급키로” [주목 e공시],0
 '우크라이나 재건' 참여 추진에 철도주 급등(종합),1
[코스피·코스닥 전 거래일(8일) 주요공시],0
"""실적도 소용 없었나""…삼성전자 장중 '7만전자'로 '털썩'",2
"테더 ""셀시우스에 빌려준 비트코인 대출금 청산 완료""",0
 (9일) 디에스케이 등,0
[코스피·코스닥 전 거래일(8일) 주요공시],0
"""방향성 찾는 증시""…코스피·코스닥 약보합 개장",0
" 원/달러 환율 3.5원 오른 1,303.9원(마감)",1
"""삼성SDI, 업황 개선 기대되나 중장기 성장성 약화…목표가↓""-한국",2
"크리스에프앤씨, OEM업체 인수...주가는 '급등'",1
"은행주, 美 국채금리 반등에 일제히 오름세",1
"원·달러 환율, 장중 1316원까지 터치…13년 3개월만에 '최고'",1
"두달새 20% 뛴 코스맥스…""중국발 최대실적 기대""",1
'달러=유로' 됐는데…환율 더 오르나 [증시프리즘],0
"“한화솔루션, 태양광 수익성 회복 기대 하향…목표가 22%↓”-현대차",2
"NH프라임리츠, 장외에서 10% 상승",1
" 한은 총재 ""한미 통화스와프, 추 부총리와 옐런 사이 논의 기대""",0
(마감)코스피 외국인 2595억 순매수,1
"IOSCO·BIS, 스테이블 코인 지침 발표…""명확한 운영시스템 갖춰야""",0
 (13일) DL건설 등,0
"""미 오하이오주 공장 철수""...코스맥스 주가 '급등'",1
"ICH ""친환경 회로소재로 '게임 체인저'로 도약할 것""",1
"코스모신소재, 5G 실증사업 대상 선정 소식에 13%대 급등",1
"ECB, 디지털 유로화 도입 준비 첫걸음 뗐다",0
"""POSCO홀딩스, 철강과 무역·건설의 호실적 이어져""-NH",1
" 코스닥, 장중 연중 최고가 경신…1052.20",1
은 가격 2년래 최저…인버스 2X 은 선물 ETN '급등',1
" 원/달러 환율 7.0원 내린 1,141.5원(마감)",0
(마감)코스피 외국인 2626억 순매수,1
"재닛 옐런 ""인플레, 용납할 수 없을 정도로 높다"" 경고",0
" 유안타證 홍광직, 누적 수익률 100% 돌파",1
"LG화학 '매도 보고서' 냈던 CS, 목표주가 90만원으로 상향",1
말발 누가 셀까…일론 머스크 vs 잭 도시 '비트코인 토론' 코앞 [임현우의 비트코인 나우],0
"""네이버 목표가 11% 하향…수익성 개선 여지는 충분""-DB",0
"티빙-시즌 합병 영향 지속, CJ ENM 강세",1
(마감)코스피 외국인 6334억 순매수,1
"""한온시스템, 길어지는 침체기…투자의견 '매수→중립'""-한국",1
"에이루트, 무상증자 권리락 등 호재 잇따르자 상한가 '직행'",1
"LG이노텍, 애플 긴축 경영 소식에 5%대 약세",2
"제이스텍, 삼성디스플레이와 91억 규모 공급계약 [주목 e공시]",1
" 원/달러 환율 8.3원 오른 1,147.8원(마감)",1
"NNIP, 아시아 책임투자 전문가팀 발족",0
 국내를 넘어 세계로 확장하는 지불결제 코인 '페이코인(PCI)',1
"네이버·카카오, 동반 상승…나스닥 반등에 함박웃음",1
"신규 가상자산사업자, 신고 가능해졌다...'ISMS 예비인증' 도입",0
"우진, 소형모듈원전 사업 투자 확대…신기사 펀드 출자",1
"'3만 달러' 무너진 비트코인, 추가 하락 우려도 높아 [코인 시세]",2
"""대한항공, 연간 실적 하향 전망…목표가 9.8% ↓""-하나",2
정부 원격수업 독려에 교육서비스주 '훨훨',1
"제이스텍, 신사업 투자 위해 사모 CB 발행 소식에 주가 '꿈틀'",1
포스코인터내셔널 2분기 영업익 3천206억원 88.6%↑…역대 최대(종합),1
"코로나 재확산에 원/달러 환율 1,154원…9개월 만에 최고치",0
"KB금융, 상반기 순이익 2조7천566억원 '역대 최대'(종합2보)",1
비트코인 '3만 달러' 회복…금융권은 코인 상품 쏟아내 [코인 시세],0
"""가상인간 AI사업 본격화""…버킷스튜디오, 주가 '급등'",1
"천랩, CJ제일제당으로 피인수 소식에 '上'",1
6월 외화예금 21억달러 감소…환율상승에 개인 '달러 팔자',0
"앱클론 ""대규모 항체 개발 프로젝트 순항""",1
하나증권 상반기 당기순이익 1천383억원…전년 동기 대비 49%↓,1
KB증권 상반기 영업이익 4천934억원…136% 증가(종합),1
"블룸버그 ""FTX, 韓 가상자산 거래소 '빗썸' 인수 논의 중""",0
"SK증권 ""네이버, 본격적인 수익성 개선 내년부터 가능""",1
"현대중공업지주, 2분기 영업익 1846억…전년 동기比 77% 늘어 [주목 e공시]",1
"'레드 카드' 받으면 바로 퇴출?…상장폐지, 자세히 뜯어보니[류은혁의 기업분석실]",0
"애널리스트들이 주목한 오늘의 종목: 레이, 셀트리온헬스케어, JYP Ent.",0
"카카오게임즈, 자회사 상장 절차 돌입 소식에 주가↓",2
"대우조선해양, 유럽 선주와 6495억원 규모 계약 [주목 e공시]",1
"프렉스 설립자 ""스테이블 코인 생태계, 경쟁 아닌 협력 要""",0
펄프 가격 1000달러 돌파…제지주 주가 '급등',1
비트코인 국내가격 오전 한때 4천500만원대로 급등(종합),1
현대제철 2분기 영업이익 8천221억원…작년 동기 대비 50.8%↑,1
제일기획 2분기 영업이익 721억원…작년 동기 대비 34%↑,1
"현대제철 2분기 영업이익 50.8%↑…""후판값 하락 불가피""(종합2보)",2
" ""NFT 가격이 거품이라고? 과소평가됐을 수도""",0
"""현대제철, 역대급 실적·역대급 저평가…하반기 반등 기대""-키움",1
"""미워도 다시 한번""…호실적에 11만원선 '회복'",1
에쓰오일 2분기 영업이익 5천710억원…흑자 전환,1
"삼성전기, 2분기 영업익 3천601억원, 1% ↑…""고부가 제품 호조""(종합)",1
"현대제철, 2Q 영업익 5453억…전년比 3795% 급증[주목 e공시]",1
"LG이노텍, 2분기 2천899억원 흑자…작년 동기 대비 90.8%↑(종합)",1
두산인프라코어 2분기 영업이익 1천92억원…작년 대비 19.4%↑,1
"""위메이드, 일부 프리미엄 정당…3분기 흑자전환 가능""-하나",1
LG디스플레이 2분기 영업이익 7천11억원…4년 만에 최대(종합),1
금리인상 속도조절?...네카오 간만의 동반 상승,1
"LS일렉트릭, 2분기 영업익 601억원…전년比 27.76%↑ [주목 e공시]",1
HDC현산 2분기 영업이익 1천49억원…작년 대비 28.8%↓(종합),2
(마감)코스피 외국인 4107억 순매수,1
혼자 12배 뛴 알트코인 '엑시 인피니티'…숨은 보석? 과대평가? [임현우의 비트코인 나우],0
"원·달러 환율, 3주만에 1300원 아래로…1296원에 장 마감",0
삼성전자 2분기 영업이익 12조5667억원…작년 대비 54.3% 증가,1
"코스피, 외국인·기관 '사자'에 상승 출발…코스닥 800선 회복",1
이더리움 1700달러 돌파에 ETC·UNI·LDO 등 급등,1
"안랩, 2분기 영업이익 46억원…전년比 16.6%↓ [주목 e공시]",2
"영국 법률위 ""사유재산법에 '제3의 자산' 항목 신설해야""",0
대웅 2분기 영업이익 433억원…작년 동기 대비 124%↑,1
"코스피, 외국인·기관 '사자'에 상승 마감…코스닥 800선 탈환",1
LG화학 2분기 영업이익 2조2천308억원…작년 동기 대비 290%↑,1
"두산 2분기 영업이익 3천679억원, 40.4%↑…계열사 실적 개선(종합)",1
"58조 쏟아진 카뱅 청약, 100억 이상 넣은 큰손들 몇 명일까?",0
"윤석열, 국민의힘 입당 소식에…덕성·동양 등 관련주 '들썩'",1
"삼성중공업, 2Q 영업손실 4379억…적자 축소[주목 e공시]",0
"""中 채굴자 챈들러 궈, 작업증명 기반 이더리움 하드포크 주도""",0
"LG화학, 통풍 치료제 美 임상3상 신청에 '강세'",1
"현대차증권, 온라인 금융상품권 5% 할인 이벤트 진행",0
"라인넥스트, NFT 플랫폼 '도시' 티저 사이트 공개...3Q 베타 서비스 출시",0
 8월 2일(월) ~ 8월 4일(수),0
"""삼성전자 무인공장 도입 계획""...로봇주 '들썩'",1
"한화에어로스페이스, 방산사업 통합 기대감에 신고가",1
"롯데렌탈 IPO 출격…""미래 모빌리티 플랫폼 리더 도약""",1
"카카오페이, 2분기 영업손실 125억원…거래액 29조원 돌파(종합)",0
"강스템바이오텍, 5백억원 주주배정 유상증자 결정",0
카카오게임즈 2분기 영업이익 810억원…작년 동기 대비 900.2%↑,1
"코오롱인더, 2분기 1천36억원 흑자…""연속 어닝 서프라이즈""(종합)",1
"""블핑·트와이스 돌아온다""…엔터주 일제히 상승세",1
"한국투자증권, 미국 부동산 플랫폼 '코리니'와 업무협약 체결",1
(마감)코스피 외국인 6664억 순매수,1
"김서준 ""루나 폭락에도 초기 투자분 99% 보유하고 있었다""",0
"""넷마블, 소셜카지노 확보로 글로벌 시너지 기대""-삼성",1
"""황반변성 치료제 美 임상1상 계획 승인""…올릭스 강세",1
"KT&G, 2분기 영업익 3276억원…전년比 1%↑[주목 e공시]",1
"TYM, 자회사 지분 72.9% 취득 결정[주목 e공시]",0
CJ ENM 2분기 영업익 556억…전년비 35% 감소[주목 e공시],2
(마감)코스피 기관 8721억 매수 우위,1
주성엔지니어링 2분기 영업이익 346억원…작년 대비 187.4%↑,1
"“GS리테일, 홈쇼핑 흡수합병 효과로 손익 개선될 것”-대신",1
"""사상 첫 분기 2조 매출""…네이버 주가는 약보합",0
"이노시스, 무상증자 권리락 효과에 장 초반 '上'",1
알서포트 2분기 영업이익 101억원…작년 동기 대비 2.2%↓,2
"금호석유화학, 2분기 영업익 3540억…전년比 53%↓[주목 e공시]",2
"셀트리온, 올 상반기 매출 1조원 첫 돌파(종합)",1
하이브 2분기 영업이익 280억원…작년 동기 대비 6.2%↓(종합),2
저평가 중소형주 투자해볼까…'2차전지 장비·부품업체' 주목,0
롯데케미칼 2분기 영업이익 5천940억원…작년 대비 1천704.5%↑,1
CJ CGV 2분기 영업손실 573억원…적자 축소(종합),1
" 원/달러 환율 6.7원 오른 1,305.0원(개장)",1
" 원/달러 환율 6.7원 오른 1,305.0원(개장)",1
SKC 2분기 영업이익 1천94억원…작년 동기 대비 19%↓,2
"보라(BORA), 폴리곤(MATIC)과 협약…""크로스체인 환경 구축""",1
"인바이오젠, 3백억원 유상증자…스칸1호조합에 제3자배정",0
"""中스마트폰 업체 몰아내기 나선 인도…반도체 수요 영향은""-상상인",0
" 원/달러 환율 4.4원 오른 1,146.5원(개장)",1
"""우리도 블록체인 게임 만든다""…카카오게임즈 상승세",0
"카뱅, 셀트리온도 제쳤다…상장 이틀 만에 시총 9위 등극 [종합]",1
"삼화페인트, 2분기 '깜짝 실적' 덕에 주가 급등",1
"SKT 2분기 영업익 작년比 16%↑…""유무선 등 5대사업 성장""(종합2보)",1
"롯데렌탈, 공모주 청약 첫날 통합 경쟁률 10.43대 1",0
"코스피, 외국인 '팔자'에 하락…다시 2500선 아래로",2
"차백신연구소, 증권신고서 제출…내달 코스닥 상장",0
KT 2분기 영업이익 4천592억원…작년 동기 대비 3.5%↓,2
"SK텔레콤, 인적분할 전 담아라…""종합플랫폼 기업가치 충분""",1
휴젤 2분기 영업이익 223억원…작년 동기 대비 16.1%↓,2
삼성그룹株 일제히 '내리막',2
"美 CPI, 연 8.5% 상승…시장 예상치 하회",0
컴투스 2분기 영업이익 38억원…작년 동기 대비 65.6%↓(종합),2
"방산株, 북한의 한미연합훈련 비난 수위 고조에 강세",1
"한국투자증권 인도네시아 현지법인, 현지 기업 공모채권 발행주관",0
"파라다이스, 2분기 영업손실 274억원…전년比 38.4% 축소 [주목 e공시]",2
"'자본잠식' 형지I&C, 3 대 1 무상감자 소식에…주가 17% 급락",2
"코스피, 인플레 피크아웃 기대감에 상승 마감…2500선 재탈환",1
"'크래프톤 이긴' 원티드랩, 코스닥 상장 첫날 '따상'…시총 2600억 늘어",1
"美 7월 PPI, 전년 比 9.8%↑…""시장 예상치 대폭 하회""",0
컴투스 2분기 영업이익 110억원…작년 동기 대비 71.2%↓,2
"국내증시, 차익실현 물량 나오며 혼조 출발",0
"SK증권, 디지털자산 수탁 기업 '인피닛블록' 지분 투자",0
"신세계, 2Q 영업익 962억…흑자전환 [주목 e공시]",1
"코오롱티슈진, 390억원 유상증자",0
이노션 2분기 영업이익 325억원…작년 동기 대비 103.6%↑,1
"목표가 코앞인 LG엔솔…""더 오른다"" vs ""고점""",1
최근 가장 많이 오른 암호화폐는 'NFT 코인',0
삼성생명 2분기 영업이익 335억원…작년 동기 대비 93.9%↓,2
"쇼박스, 넷플릭스와 OTT 계약 소식에 10%대 강세",1
"이상 해외송금, 7조원보다 많다…검찰은 가상자산 '환치기' 의심",1
" 원/달러 환율 9.6원 오른 1,312.0원(개장)",0
국제 유가 하락에 항공株 동반 강세…진에어 9.6%↑,1
계속되는 '셀 코리아' 조정 불가피…테이퍼링 시점 '주목' [주간전망],0
계속되는 '셀 코리아' 조정 불가피…테이퍼링 시점 '주목' [주간전망],0
(마감)프로그램 1355억 매도 우위,2
하나·모두투어 상반기 영업익 소폭 개선…노랑풍선은 적자↑,1
"원/달러 환율 하락 출발 후 반등…장초반 1,170원 돌파",0
"""美 증시 눈치보기""…국내증시 혼조 출발",0
"KTB투자증권, 상반기 순이익 928억···전년比 1327.7%↑",1
(마감)코스피 기관 2010억 매도 우위,2
"코스피 0.89%, 코스닥 2.86% 급락…삼전 내리고 카뱅 오르고",2
"""농심, 분기별 점진적 회복세 전망""-NH",1
"코스피, 간밤 美 증시 여파에 장중 2500선 '붕괴'…코스닥도 ↓",2
"아가방컴퍼니, 서울시 초대형 양육지원 종합계획에 '上'",1
"선앤엘, 올 상반기 매출 2242억 달성…전년 동기比 5.7%↑",1
(마감)코스피 기관 4095억 매수 우위,1
'간편송금 금지' 검토에 카카오페이 주가 '와르르',2
"""오늘은 제발 올라주길""…삼성전자, 450만 개미들의 기도",0
"""예상보다 더딘 회복에 유상증자설까지""…제주항공 약세",2
"펄어비스, 16%대 상승세… 장중 시총 5위로",1
"금융위 ""4분기 내 M&A시 소액주주 보호 방안 발표""",0
 (20일) 신규상장=아주스틸(139990) 등,0
가상자산 친화도 1위는 미국·독일…한국은 29위,0
" 원/달러 환율 3.4원 오른 1,179.6원(마감)",1
"""대한해운, 벌크선 시황 악화에도 이익 견조할 것""-흥국",1
"사료株, 곡물가 강세 전망에 '함박웃음'…고려산업 6%대 ↑",1
"'폭주' 환율, 1,330원 이어 1,340원까지 돌파…13년 4개월만(종합2보)",1
"매출 10억달러 혁신치료제 줄줄이 대기…高성장 기업 노바티스, 배당까지 짭짤",1
다시 무너진 '6만전자'...美기술주 하락 '후폭풍',2
"셀트리온 3형제, 코로나19 항체치료제 美·유럽 진출 기대감에 급등",1
천장 뚫린 환율에 항공업계 '비명'…수출기업 환율효과도 '옛말',0
(마감)코스피 기관 6085억 매수 우위,1
"""LG이노텍, 하반기 실적도 기대된다""-DB",1
"키움證 ""JYP엔터, 하반기 아티스트 모멘텀 강화…실적 개선 전망""",1
"""올해 사상 최대실적 전망""…씨앤지하이테크, 장 초반 강세",1
" 원/달러 환율 8.1원 내린 1,165.6원(마감)",0
"유럽 중앙은행 ""디지털 유로 관련 조사, 내년 10월 마무리""",0
"휴젤, 1.5조원 규모 주식 양수도 계약으로 최대주주 변경 [주목 e공시]",0
"""美 IRA 법안 수혜""…포스코케미칼 강세",1
 초고수들 25일 오전 원전·방산주에 집중 베팅했다,0
"코스피, 금통위·잭슨홀미팅 앞두고 혼조세 마감",0
"원·달러 환율, 기준금리 인상에 진정세…1335원에 장 마감",0
"“휴켐스, MNB 장기계약에 배출권 가격 상승도…목표가 5%↑”-대신",1
"현대로템, 본계약 체결 기대감에 장중 52주 신고가",1
" 원/달러 환율 2.4원 오른 1,170.5원(마감)",1
(마감)코스피 기관 1005억 매수 우위,1
"메리츠證 ""GS건설, 하반기 실적 회복 기대감…자회사 모멘텀도 '부각'""",1
'드래곤볼·원피스' 도에이애니메이션 사상 최고가에 팬주주도 환희,1
우리·신한은행 '이상 해외 송금' 4조5천여억원서 더 늘었다,1
현대로템 4조원대 K2 수주…급락장 딛고 2%대 반등,1
"""용돈으로 돈 벌자""…코인에 40억 쏟아부은 10대들",0
채권에 몰린 개미 투심…KB증권 8개월 만에 리테일 채권 판매액 10조원 넘겨,0
"""Fed 긴축의지 재확인…고배당·유틸리티 ETF 주목""-하나",0
"DL이앤씨, 3310억 규모 정비사업 수주 [주목 e공시]",1
"위메이드, 미르4 흥행 기대감에 16%대 상승세",1
기술 더디고 '눈덩이 적자'…비틀대는 자율주행차,2
"'TIF 점유율 90%' 미래에셋운용, 국내 첫 TIF ETF 상장",0
"""배당 안정성 부각에 목표가↑""…롯데지주 강세",1
"SKC, SK와 합병설 부인하자 강세",1
"HSD엔진, 310억 규모 선박용 엔진 공급계약 [주목 e공시]",1
 (1일) 신규상장=일진하이솔루스(271940) 등,0
"""SK이노, 배터리 흑자전환 기대…주주가치 20조원 상향""-유안타",1
"케이뱅크, 9월 한달간 해외송금 수수료 무료 이벤트",1
"셀바스AI, 국내 최초 AI 의료 음성인식 솔루션 '셀비 메디보이스' 선보여",0
산업은행 20억달러 규모 외화채권 발행,0
"에이치피오, 각자 대표 체제로 재편…""성장전략 구체화""",0
" 원/달러 환율 1.1원 오른 1,356.0원(개장)",0
"KB증권, 글로벌원마켓 가입 고객 100만명 돌파",1
"이더리움 거래대금, 국내 가상자산 시장서 비트코인 앞질렀다",1
"카지노株 일제히 반등…""내국인 출입 업체 강원랜드 유망""",1
"'따상' 일진하이솔루스, 사흘 만에 하락 전환",2
"""美 스테이블코인 규제 초안, 협상 지연으로 발표 늦어질수도""",0
" 원/달러 환율 2.4원 오른 1,365.0원(개장)",0
'헌트' 관객 400만 돌파…버킷스튜디오 5%대 강세,1
"""제네시스 전기차 생산"" 발표 후 널뛰기 한 현대차 주가…왜?",0
"코스피 2400 턱걸이…13년만에 1,370원 넘은 환율",1
"""나만 몰랐나""…3개월간 65% 급등한 이 주식, 더 오른다고?",0
"이복현 ""회계 감독 강화할 것…중대한 회계부정엔 엄정 제재""",0
"젠큐릭스, 액체생검 간암 조기진단 국내 허가임상 신청",1
"환율 1,377원 급등에 눈치본 개인...코스피 2,410선 회복",1
'겹호재'에 쑥쑥 크는 키다리스튜디오,0
" 원·달러 환율, 1380원 돌파…13년 5개월 만에 처음",1
"나이벡, 항염증 펩타이드 동물실험 결과 SCI급 학술지 게재",0
"""달러강세 길어진다…환율 1,400원 돌파 가능성""",0
"천장 뚫린 환율…13년5개월 만에 1,380원 돌파",1
"현대중공업, 청약 첫 날 5.5조 몰렸다···통합 경쟁률 40대 1",0
"SK바사, 코로나 백신 WHO 긴급사용 신청에 강세",1
"카카오뱅크, 5거래일만에 반등 시도…오버행 우려 끝났나",1
"5대 원화마켓 거래소, 오늘 밤 이더리움 입출금 일시 중단",0
(마감)코스피 기관 1184억 매도 우위,2
'런던 브릿지가 무너졌다' 英 엘리자베스 2세 서거,0
"제이준코스메틱, '2021 올해의 브랜드 대상' 5년 연속 수상",1
"엠피코, 러시아 코로나19 백신 유통 합작법인 'PBTG' 설립 본격화",0
"유틸렉스, 임상전문가 문한림 박사 자문위원 영입",0
"""프로 골퍼 티샷도 거래""...신한금융, 골프대회 최초 NFT 발행",0
"마크 챈들러 ""달러 강세 6개월 이상 지속될 것…한국, 금리 인상 속도 느려""",0
"""한화에어로스페이스, 사업구조 재편 효과 클 듯…목표가 73% 상향""-SK",1
'별들의 전쟁' 한경 스타워즈 실전투자대회 오늘 개막,0
"KB금융, 프리미엄 종합자산관리센터 'KB 골드&와이즈 더퍼스트' 오픈",1
"유진투자증권, 서울대 스타트업과 AI 투자정보 서비스 개시",0
"원·달러 환율 7.2원 내린 1,373.6원 마감",0
정부 규제에 털썩…韓·美·中 빅테크 '동병상련',0
" 원/달러 환율 19.4원 오른 1,393.0원(개장)",0
국제유가 70달러 회복 소식에 정유株 '방긋'…S-Oil 3%대↑,1
"현대글로비스, 완성차 해상운송계약 체결[주목 e공시]",1
(마감)프로그램 1772억 매도 우위,2
"""올겨울 유가 100달러 간다""…정유주·ETF '가열'",0
"""미국공장 건설 불허""…엘앤에프 약세",2
"배우 배용준도 투자한 회사, 코스닥 입성 '초읽기'",0
" 초고수들, 애플 관련주 차익실현 나섰다",0
"코스피, 외국인 '사자' 0.15% 올라…네이버·카카오 반등 실패",1
"금감원, '차명투자 의혹' 강방천에 '직무정지' 중징계",0
" ""영원한 1위 없다""…지민홍, 5→1위로 순위 급상승",0
"NH투자증권, '주식 선물하기' 서비스 오픈",0
환율 1399원 터치…'수혜주' 현대차·기아 하락장서 강세,1
철강·원유·알루미늄株 급등…그린플레이션 온다,1
"그레이스케일 ""신탁·펀드 보유 ETHW, 판매 후 수익 분배 예정""",0
"""추석엔 해외주식""… 증권가 '서학개미 모시기' 경쟁 치열",0
" 원/달러 환율 3.0원 내린 1,385.0원(개장)",0
" 한국항공우주, 폴란드와 수주계약 체결로 강세",1
"""대기업 ESG 안건중 지배구조 비중 32%…환경분야 4% 미미""",2
"청담글로벌, 중국-한국 '하늘길' 확대에 '급등'",1
"비트코인, 기관 유입·골든크로스…""4만8000달러 안정적 돌파가 관건"" [강민승의 트레이드나우]",0
"비트코인, 기관 유입·골든크로스…""4만8000달러 안정적 돌파가 관건"" [강민승의 트레이드나우]",0
" 원/달러 환율 4.1원 내린 1,389.5원(마감)",0
"""한화시스템, K방산 수주 동반 수혜 기대""-IBK",1
" ""실적성장+밸류에이션 상승""…차량용 인포테인먼트 업체 모트렉스",1
[코스피·코스닥 전 거래일(21일) 주요공시],0
 ④천정부지 환율에 기업들 '초비상'…수익성 빨간불,2
(마감)코스피 외국인 608억 순매도,2
"""헝다그룹 위기, 리먼 사태 때와는 다를 것""",0
"""신약 승인 불투명""…한미약품 '약세'",2
'오징어게임' 흥행에…쇼박스·버킷스튜디오 급등,1
"코스피, 2개월여만에 장중 2,300선 붕괴(종합)",2
"""원가 상승분 메우기엔 인상 폭 크지 않다""…한전 주가는 1% 하락",2
"브래드 갈링하우스 리플 CEO ""SEC 소송, 정식재판 회부 없이 끝날 것""",0
"앞뒤 안맞는 中정책 반사이익 기대에 오른 철강株, 헝다 파문에 '와르르'",0
"원/달러 환율 1원 오른 1,176.5원 마감",0
"원·달러 환율, 13년반만에 최고...1,420원선 돌파",1
"대우조선해양, 한화그룹에 매각 논의 소식에 주가 ↑",1
(마감)코스피 기관 2800억 매수 우위,1
코인거래소 '먹튀 리스크' 해소됐지만…美·中 규제가 더 무섭다,1
" 원/달러 환율 3.3원 내린 1,428.0원(개장)",0
"현대건설, 1조2765억 규모 우동3구역 재개발 시공사 선정 [주목 e공시]",0
"팬오션, 증권가 호실적 예상에 8%대 상승세",1
(마감)프로그램 313억 매수 우위,1
코스피 5거래일 만 반등…뒷심 발휘하며 강보합권 마감,1
"""삼성전기, 업종에 대한 우려 앞서는 이익 개선 기대""-하이",1
"샘표, 자사주 취득계약 체결 소식에 주가 급등",1
"셀트리온 3사, 3%대 강세…'베그젤마' 미 FDA 판매허가 영향",1
"인트론바이오 ""SAL200 임상시험 결과, 국제학회서 발표""",0
(마감)프로그램 2494억 매도 우위,2
은행株 계절 왔다…금리인상 효과 4분기 본격화,0
"코스피, 하루만에 2200선 회복 출발…시총 상위주 일제 상승",1
"삼성자산운용, 삼성 글로벌 반도체 펀드 출시",0
"이복현 금감원장 ""디지털자산, 한미 민간 기업 협력 필요""",0
"김서준 ""플랫폼 노동자 보상받는 '프로토콜 경제' 시대 온다""",1
"형지I&C, 130억원 주주배정 유상증자",0
"아이폰14, 韓 사전예약 돌입…LG이노텍, 주가는 약세",2
"남북경협株, 김정은의 남북통신연락선 복원 언급에 상승",1
" 국전약품이 투자한 샤페론, 일반청약 흥행할까",1
"에이치엘사이언스, 기능성석류 안전성 연구 국제학술지 등재",1
경기방어주 중간 점검…강관주 봐야하는 이유 [증시프리즘],0
"""HK이노엔, 美·中진출 임박…매출 큰 폭 늘 것""-한양",1
(마감)코스피 기관 4880억 매도 우위,2
글로벌 경기 침체에도 배터리 3사 '호실적' 예고,1
"""삼성전자 사라면서요""…공매도에 분노하는 450만 개미들",2
10월 증시 순조로운 출발…코스피 장 초반 1.34% 상승,1
"세경하이테크 ""최대주주, 지분매각 포함 여러 전략적 방안 검토 중"" [주목 e공시]",0
[코스피·코스닥 전 거래일(4일) 주요공시],0
개인 팔고 외인·기관 사고… 코스피 장중 3000선 붕괴,2
"""고맙다 UN""…힘 못쓰던 은행주 급등",1
코스피 강보합 마감…코스닥은 1.64% 하락,2
개인·기관 6000억 순매수에도 삼천피 붕괴…셀트리온 10위로 밀려나,2
[코스피·코스닥 전 거래일(5일) 주요공시],0
" 코스피, 0.81% 상승 출발…이틀째 3000선 밑돌아",1
"이틀간 15% 급락했던 네이버, 8거래일 만 반등…2%대 강세",1
(마감)프로그램 2480억 매도 우위,2
"달러강세 숨고르기…원/달러 환율, 7.7원 내린 1,402.4원 마감",0
"""스튜디오드래곤, 3분기 실적 부진 전망에 목표가↓""-DB",2
"한국투자증권, '한국투자마이스터패밀리오피스랩' 출시",0
'상장 첫날' 힘 못쓰는 이노룰스…공모가 대비 5%↑,1
"코스피, 0.22% 내린 2232.84 마감…코스닥은 700선",2
"코스피, 기관 매수에 2960선 턱밑까지…네이버·카카오 5%대↑",1
 삼성전자 3분기 영업이익 15조8천억원…작년 동기 대비 27.9%↑,1
"NH선물서 7조원어치 '이상 거래' 포착…금감원, 대대적 조사 실시",2
"다스코, 279억 규모 국도 소음저감시설 공급계약[주목 e공시]",1
"이더리움 창시자가 세운 암호화폐 스타트업, 3.6兆 기업가치 인정받나",1
"""CJ ENM, 목표가 내리지만 바닥 근접하는 중""-하나",2
LG전자 장 초반 4%대 하락…3분기 실적부진에 실망 매물,2
(마감)코스피 외국인 1993억 순매수,1
"""삼성전기, IT 수요 부진폭 커…목표가 ↓""-하나",2
" 원/달러 환율 1.4원 오른 1,196.0원(개장)",0
"넷마블, 3개 분기 연속 적자 전망에 8%대 급락",2
"삼성운용, 삼성 글로벌 M&A 펀드 출시",0
"팔라스퀘어, NFT 거래액 1% 캐시백 이벤트…총 예산 7만 클레이",0
비트코인 쭉쭉 오르는데…내 알트코인은 왜 떨어진 걸까,0
美 CPI 발표 앞두고 '경계'…코스피·코스닥 약보합,0
삼성전자·SK하이닉스 바닥 찍었나…13일 장 초반 반등,1
힘 빠진 서학개미…3분기 외화증권 결제금액 전분기比 10%↓,2
(마감)코스피 기관 7714억 매수 우위,1
올 상반기 파생결합증권 발행 29.3조…전년比 34.9%↓,2
"KCC글라스, 원심력콘크리트 판매 둔화 예상…목표가 9.8%↓-한국투자증권",2
"돌아온 신라젠, 이틀 연속 '上'…거래정지 당시 종가 넘어서",1
" 원/달러 환율 7.0원 내린 1,186.8원(마감)",0
"코스피, 2% 넘게 오르며 2200선 회복…코스닥 4% 넘게 ↑",1
"""생큐 위메이드""…하나금투 권용규, 1위 올라",1
(마감)코스피 기관 2096억 매수 우위,1
"""카카오, 성장 둔화에 목표가↓…반등 여력 있다""-한국",0
"원/달러 환율 1,440원 돌파…장중 연고점 육박(종합)",1
"""일본 등 G7, 달러 강세 겨냥 시장개입 합의 실패""",0
카카오 4형제 반등 성공…증권가 반응은 찬바람,1
"스튜디오산타클로스, '마이네임' 흥행 조짐에 장 초반 급등",1
정기 예·적금 사상 최대 증가에 8월 통화량 25조원↑,1
" 원/달러 환율 5.2원 오른 1,187.6원(마감)",1
"롯데건설, 2천억원 유상증자…재무구조 안정화 차원",1
"코스피, 실적 시즌 기대감에 상승 출발…'7만전자' 안착할까",1
포스코홀딩스 3분기 영업이익 71%↓…태풍 피해로 급감(종합),2
" 원/달러 환율 3.5원 오른 1,426.2원(마감)",1
(마감)코스피 기관 1819억 매수 우위,1
[코스피·코스닥 전 거래일(19일) 주요공시],0
"긴축우려·엔저심화에 원/달러 환율 상승세…1,430원선 등락",1
"IBK투자증권, 대표이사 직속 ESG협의회 신설",0
"'무돌 Hero blaze : Three kimgdoms', 日 등 아시아 4개국 서비스 시작",1
"티웨이홀딩스, 3백40억원 주주배정 유상증자 결정",0
"SBF ""가상자산 증권성 여부 자체 분석…증권성 토큰 상장 안해""",0
"쌍용차, 에디슨모터스 품으로…쎄미시스코 주가 '껑충'",1
"""원자재값 하락에 3Q 부진""…고려아연, 2%대 하락",2
『화폐자산에 투자하라』…금· 달러· 비트코인 등 투자안내 신간,0
"모건스탠리 ""당분간 채권+고성장주+배당주로 대응해라""",0
ASML도 못피한 '공급망 병목'…메모리업계엔 호재 될 수도,1
"미래에셋캐피탈, 미래에셋증권 보통주 500억원 규모 장내 매수키로",0
"코스피, 간신히 3000선 사수…기관 순매수 덕분",1
"""공매도 말고…"" 삼성전자·포스코 주가 추락한 '진짜 이유' [박의명의 불개미 구조대]",2
 라이선스 전성시대 선두기업 에스제이그룹 투자포인트 3분 간단정리,0
"지놈앤컴퍼니, 자폐 신약 미국 FDA 패스트트랙 신청에 강세",1
"플래티어, 30억원 규모 자기주식 취득 결정[주목 e공시]",0
(마감)코스피 기관 3245억 매수 우위,1
"""현대차, 내년 실적 악화 전망…목표가 23만→21만""-메리츠",2
"""더블유게임즈, 신작·신사업 기대""…목표가 상향에 주가도 ↑",1
" 휴마시스, 코로나 검사키트 美 긴급사용승인에 강세",1
"누빈운용 ""글로벌 청정 인프라 임팩트 투자 전략 도입""",1
"코나아이, 부동산 가치평가 서비스 '자두, 여기 얼마' 선보여",0
"'돌아온 민감株' 코스피, 기관·외국인 매수에 상승마감",1
"원/달러 환율 연고점 돌파 후 반락…1,433.1원 마감",0
"한국코러스, 러 코로나 백신 생산 GMP 승인…""내달 중순 출하 기대""",1
위메이드 3분기 영업손실 280억원…적자 전환,2
"SK하이닉스, '어닝쇼크'에도…주가 소폭 상승",1
"소프트캠프, '실드라이브'서 폴라리스 오피스 웹 한글 문서 지원",0
환율변동성 확대에도 3분기 일평균 외환거래액 6.7% 감소,0
(마감)프로그램 755억 매수 우위,1
'1일 천하'…코오롱티슈진 거래 2일차 10% 폭락,2
"이오플로우, 66억원 규모 3자배정 유상증자",0
"삼성증권, 3분기 영업익 1561억원…전년比 56.9%↓",2
"코스피, 외국인·기관 '사자'에 상승…2260선 회복",1
"HMM, 해진공 CB 6000억 주식전환에 9%대 급락",2
현대로템 3분기 영업이익 318억원…작년 동기 대비 301.8%↑,1
"롯데관광개발, 제주 드림타워 복합리조트 투숙객 100만명 돌파 임박",1
기아 3분기 영업이익 1조3천270억원…작년 동기 대비 579.7%↑,1
" CZ ""부산대·동의대와 협력…교육 프로그램, 인턴쉽 제공 할 것""",0
"조선株, 잇단 수주 낭보…턴어라운드 시작되나",1
"제이브이엠, 3분기 영업이익 57억원…작년 동기대비 61.8% 늘어",1
아프리카TV 3분기 영업이익 207억원…작년동기비 10.6%↓,2
"셀트리온, 코로나19 항원 신속진단키트 디아트러스트 공급계약 체결[주목 e공시]",1
" 조선주, 수주 호황 기대에 '들썩'…이틀째 강세",1
"한국거래소, 베트남 장애인 빈곤가정에 암소 전달",0
"현대모비스, 보통주 22만주 소각 결정[주목 e공시]",0
"에쓰오일 ""석유화학 프로젝트 검토 중, 결정된 바 없어"" [주목 e공시]",0
현대중공업지주 3분기 영업이익 3천18억원…작년 대비 198.5%↑,1
"코스피, 외국인·기관 '팔자' 소폭 하락…코스닥도 내림세",2
한샘 3분기 영업손실 136억원…적자 전환,2
"채권시장 부랴부랴 사태수습…""영향은 지켜봐야""",0
다음 달부터 한국은행 외환심사도 온라인으로 받는다,0
"코스피, 외국인·기관 매도에 개장 30분만에 하락전환",2
"비상장 주식 시장, '영포티'들이 주목하는 이유",0
효성티앤씨 3분기 영업이익 4천339억원…작년 대비 555.9%↑,1
"""LG이노텍, 내년 실적 차별화 부각 전망""-KB",1
HK이노엔 3분기 영업이익 223억원…작년 동기 대비 30.4%↑,1
한국항공우주산업 3분기 영업이익 305억원…작년 대비 978.3%↑,1
글로벌 석유社도 수소·바이오에너지 투자 확대,1
" 요즘 뜨는 채권투자, 이것만은 꼭 알고 시작하자(1)",0
"인플레이션 우려에 강달러 전환…1,174원대서 등락",2
"삼성전자, 장중 6만원 '회복'…3거래일 만",1
"유진그룹, '위드 코로나' 채비 본격화…재택근무 비율 등 조절",0
도지코인(DOGE) 바람에 시바이누(SHIB)도 '훨훨'…일주일 새 28%↑,1
두산에너빌리티 3분기 영업이익 3천146억원…작년 대비 40.7%↑,1
"한국타이어, 반도체 부족·물류대란에 3분기 영업익 19.5%↓(종합)",2
" PER 1.8배, 태웅로직스의 믿기지 않는 밸류에이션",1
"카카오게임즈, 3분기 실적 부진에 장 초반 약세",2
" SK바이오사이언스, 노바백스 코로나 백신 첫 승인에 강세",1
"장현국 ""디파이 담보 청산, 일어나지 않을 것...충분히 대응 가능""",0
하나금융투자 '누가 알고 하나' 해외선물 투자대회 개최,0
동원산업 3분기 영업이익 633억원…작년 동기 대비 9%↓,2
"'상장 빔'에 눈먼 코인거래소…영문백서 달랑 올리고 ""번역기 돌려라""",0
"클레이튼 ""올해 말까지 KLAY 지출 중단""",0
카카오 3분기 영업이익 1천503억원…작년동기비 10.6% 감소(종합),2
"""여전히 부족한 전기차 인프라""…관련주 급등",1
은행에 비트코인 예금하러 갈 날이 머지 않은 이유 [한경 코알라],0
" 삼성 계열사, 사회안전시스템 구축에 50억원 기부(종합)",0
"플레이댑, 뉴욕 타임스퀘어에 등장…""P2E 게임 광고 캠페인 진행""",0
'파월 쇼크' 뚫나 했는데…막판 힘 빠진 코스피,0
"'코인시장 들썩' 비트코인 선물 ETF, 현물 투자와 차이점은?",0
"""BGF리테일, 목표가 22만→24만…경쟁사 압도하는 실적 전망""-신한",1
"""호실적에 신사업까지""…카카오게임즈, 이틀째 강세",1
"트위터, 가상자산 지갑 개발 중단…도지코인(DOGE) 8%↓",0
"휴온스, 3분기 영업익 20억…전년比 86.3%↓[주목 e공시]",2
" 원/달러 환율 1.0원 오른 1,182.6원(마감)",1
BGF리테일 3분기 영업이익 695억원…작년 동기 대비 9.1%↑(종합),1
美 10월 비농업 부문 고용 26만1000명↑...실업률 3.7%,0
"""카카오, 점진적 기업가치 회복 기대""",1
LX인터내셔널 3분기 영업익 500% 증가…사상 최대(종합),1
"원/달러 환율, 2.6원 상승…1,185.2원 마감",1
건강식품 다단계는 옛말…엄마들 이 수법에 꼼짝없이 당했다 [최예린의 사기꾼 피하기],0
"""LG유플러스, 주가·실적 모두 우상향 흐름""-DB",1
"원/달러 환율 하락세…장중 1,410원 하회",2
"피코그램, 주당 5주 배정 무상증자 결정[주목 e공시]",0
"SK케미칼, 3분기 영업익 497억…전년比 54.8%↓[주목 e공시]",2
"금감원, 농협은행에 기관제재…""코인 거래 보고업무 운영 불합리""",0
"옵티코어, 케이비제20호스팩 합병…코스닥 상장 본격화",0
큐렉소 “올해 의료로봇 공급 및 수주 목표 조기 달성”,1
"증권가 눈높이 너무 낮췄나…네이버, 하루 만에 3%대 반등",1
"카카오뱅크, 의무 보호예수 해제에 급락",2
현대백화점 3분기 영업이익 922억원…작년 동기 대비 94.1%↑,1
"GS, 3분기 매출액 5조5140억원…전년 동기比 40.32%↑ [주목 e공시]",1
(마감)코스피 외국인 2782억 순매수,1
"KT 3분기 영업익 18.4%↑…""DX수주·B2B매출 증가로 수익개선""(종합2보)",1
"""숨은 메타버스株""…셀바스AI 급등",1
"""택배시장 물동량 성장세 둔화 불가피…CJ대한통운 목표가↓""-이베스트",2
'헬스케어+빅데이터' 날개 펴는 일본 JMDC,1
"""증안펀드 출자 부담 줄었다""…은행주 강세",1
KT 3분기 영업이익 3천824억원…작년 동기 대비 30%↑,1
GS 3분기 영업이익 1조3천579억원…작년 대비 112.56%↑(종합),1
(마감)코스피 기관 2723억 매수 우위,1
"아미코젠, 3분기 영업손실 30억원…적자 전환",2
"""엘앤에프, 미국 진출 불확실성 해소…반등 기대감 ↑""-대신",1
"""엘앤에프, 미국 진출 불확실성 해소…반등 기대감 ↑""-대신",1
SK바이오팜 3분기 영업손실 92억원…적자 축소(종합),1
"""내년 코스피 2650~3200선 예상…방어 후 공격하라""",0
GKL 3분기 영업이익 46억원…흑자 전환,1
10월 채권 발행 67조…전월 대비 8.4% 감소,0
"JW중외제약, 3분기 매출 1481억원…사상 최대 기록",1
현대그린푸드 3분기 영업이익 283억원…작년 동기 대비 101.6%↑,1
"인바이오젠, 120억원 유상증자…버킷스튜디오에 제3자배정",0
"셀트리온 3Q 영업익 1천640억원으로 33.2%↓…""저가품 비중↑""(종합)",2
"국제유가, 백신 기대감에 이틀째 상승…WTI 2.7%↑",1
"""네오위즈, 시장 전망치 밑돈 실적…목표가는 ↑""-다올",2
삼성생명 3분기 영업이익 1천337억원…작년 동기 대비 64.3%↓,2
"원/달러 환율 30원 급락 출발…장중 1,340원대로",0
"한국콜마, 3분기 영업익 181억원…전년 대비 41.4%↑ [주목 e공시]",1
"SK바이오팜, 3분기 매출 510% 증가해 240억원…적자 축소(종합)",1
"美 상원, 가상자산 규제 법안 촉진…""의회가 나서야 할 때""",0
"'연고점 랠리' 코스피, 2480 뚫고 상승…셀트리온 '급등'",1
미래에셋증권 3분기 영업이익 3천972억원…35% 증가,1
"넷마블, 매출 상승에도 3분기 영업손실 380억원…적자 전환(종합)",2
투자심리 활활…국내 증시 몸집 2032조로 불어나 '역대 최대'[종합],1
"""서흥, 기대 이하인 3분기 실적이 바닥일듯…목표가 14%↓""-이베스트",2
"넷온, 한국노인복지중앙회와 인공지능형 CCTV 개발 맞손",0
(마감)코스피 기관 8610억 매도 우위,2
"코스피, 외인·기관 '사자' 1% 넘게 상승…시총상위株 대부분 올라",1
"교촌에프앤비, '上' 데뷔 후 이틀째 급등…공모가 3배 육박",1
"바하마 규제 당국 ""FTX에 현지 출금 재개 명령한 적 없다""",0
'업비트 개발자 컨퍼런스 2020' 연사 및 프로그램 공개,0
"""美 FDA 임상3상 승인""…LG화학 '강세'",1
"리튬코리아, 지엔원에너지 인수 참여…""미국 염호서 리튬 고속 추출""",0
(마감)코스피 외국인 1476억 순매수,1
"""코인 투자 사기당했는데…범인 계좌 정지 못한다니""",0
"CZ ""바이낸스, 완벽한 투명성 구축…사용자 자금 이동 없다""",1
"""삼양식품, 3분기 실적 부진했지만…수출 성장세 기대""-한화",1
"원/달러 환율 상승 출발…장 초반 1,181원 후반대",1
"NH투자증권, 미국 공모주 청약대행 서비스 실시",0
" 원/달러 환율 8.3원 내린 1,317.6원(마감)",0
"가상자산 시총, 테슬라보다 커졌는데…""정부는 개념도 지침도 없다""",0
"가상자산 시총, 테슬라보다 커졌는데…""정부는 개념도 지침도 없다""",0
"“한전KPS, 해외 수주 기대돼…목표가 6.1%↑”-하나금투",1
"'60대 40' 포트폴리오 안 먹히네…""분산효과 주는 ETF 주목""-SK",0
"""2차전지 공장 준공""…이엔플러스 '급등'",1
"2500선 뚫은 코스피…""11월은 강세장, 증시 더 오른다""",1
"롯데렌탈, 3분기 영업익 729억…""장기렌터카 수익성 확대 등 영향""",1
" 원/달러 환율 7.4원 오른 1,325.0원(마감)",1
"""암호화폐 법제화로 투자자 보호 필요""",0
셀트리온헬스케어 3분기 영업이익 1천277억원…사상 최대,1
"FTX ""샘 뱅크먼 프리드, 더이상 거래소 입장 대변 권한 없어""",0
 게임 축제 '지스타' 개막…카겜·크래프톤 '강세',1
"백신 훈풍에 코스피, 2550선 밟아…개인·외국인 '사자'",1
간밤 美증시 반도체 하락에 삼성·하이닉스 휘청…코스피 약세,2
"신흥에스이씨 ""말레이·헝가리 해외법인 설비 증설 완료""",1
"인천세관 ""1만달러 넘는 외화 꼭 신고하세요""…적발시 과태료",0
 (18일) 신규상장=고바이오랩(348150) 등,0
"단기 반등한 증시, 한 호흡 쉬어가도 좋다",1
"와이솔, 예상보다 주춤한 3분기 실적…차세대 필터 개발 주목-하나금투",2
"쎄노텍, 200억 규모 세라믹 비드 공급 계약 체결 소식에 '들썩'",0
"한샘, 경영권 분쟁 조짐에도 주가 '무덤덤'…왜?",0
'빈 살만' 방한에 덩달아 웃는 방산株,0
(마감)프로그램 1996억 매도 우위,2
"비츠로시스, 제3자배정 유상증자 결정",0
"11월 셋째 주, 돈 되는 알짜배기 투자 정보는? [마켓PRO 위클리 리뷰]",0
"""동국제약, 기다림 필요한 시점…목표가↓""-신한금투",2
'애플카' 출시 당겨졌다…국내 자율주행 관련株 '들썩',0
"한온시스템, 폭등…美테슬라, 주가 상승 영향",0
"디파인, 폴리곤(MATIC)으로부터 투자 유치...""NFT 생태계 확장""",1
코로나에 '빵' 터진 드라이브스루…대형 패스트푸드 기업에 투자하라,0
(마감)프로그램 1447억 매도 우위,2
"""GS, 자회사 호실적 지속…사상 최대 영업익 전망""-흥국",1
"금통위 D-3, 국내 증시 강보합 출발 후 하락 반전",2
"""퇴직연금 DB→DC형 변경 고민시 임금상승률 비교해야""",0
코스닥 '탐욕의 머니게임'…개미들만 죽어난다,2
엘살바도르 '노빠꾸'…이번엔 화산 옆에 비트코인 도시 세운다 [임현우의 비트코인 나우],0
"빗썸 ""합리적 가상자산 규제, 산업 발전 주춧돌 될 것""",0
" 비덴트, 빗썸 사업자 신고 수리 소식에 강세",1
"도이치모터스, 사직오토랜드 450억원에 인수",0
"매직마이크로 ""대표 횡령·배임 혐의 고소장 전달받지 못해""[주목e공시]",0
"외인·기관 '팔자'…코스피 2,400 '턱걸이'",0
"""SK, 부진한 실적·자회사 업황 우려…목표가↓""-하나",2
"""LS, 실적에 비해서는 저평가 상태…목표가 10%↓""-삼성",2
" 원/달러 환율 1.2원 오른 1,115.5원(개장)",0
"NH아문디, 글로벌신재생에너지MSCI ETF 30일 상장",0
" 지오엘리먼트, 개장 초 강세...공모가 3만원 재돌파",1
"""코로나 백신 생산 잠정 중단""…SK바사 7% 급락",2
"""증권사앱으로 하루 20만원 수입""",0
"'최고가' 삼성전자 시총 400조 돌파…SK하이닉스, 10만원 탈환",1
지난달 기업 회사채 발행 49% '급감'…은행채 60%↓,2
"""SK가스, LNG·수소가 LPG 이상의 성장동력 될 것""-SK",1
" 원/달러 환율 14.3원 내린 1,337.5원(개장)",0
"코스피, 장중 한때 3010선 회복…삼성전자 '상승'",1
"삼성전자, 이틀 연속 신고가 경신…7만원 '눈앞'",1
" 초고수들, 고려아연 경영분쟁 관련주 집중매수",1
코로나 뚫고 13년 만에 최대 실적…PBR 0.6배 미만 '저평가',1
"철강주→리튬주로 변신한 포스코홀딩스 주가 40%↑…""내년 기업가치 부각 본격화""",1
"지붕 뚫은 코스피…""내년 상반기 고점"" vs ""수년간 강세장""",1
[코스피·코스닥 전 거래일(24일) 주요공시],0
"""BGF리테일, 위드 코로나 수혜 가시화""-하나",1
" 원/달러 환율 1.2원 내린 1,327.0원(개장)",0
美 증시 휴장에 '숨고르기'…코스피·코스닥 약세,2
"""주가 5분의 1 토막, 제대로 물렸다""…16만 개미들 '절규'",2
"가보지 않은 길 들어선 코스피…""외국인 장바구니 주목""[이슈+]",0
"장현국 ""위믹스 상장폐지, 업비트의 슈퍼 갑질""",0
"코스피, 외국인·기관 팔자에 0.47%↓…2,980선 후퇴",2
현실화하는 실적 둔화…'실적 피크아웃'에서 자유로운 실적주는?,0
 (26일) 보통주추가상장=대유플러스(전환) 등,0
"뉴욕증시, 추수감사절 연휴로 휴장",0
 코로나19 재확산 우려에 여행·항공주 약세,2
네이버+카카오+쿠팡+배민 합쳐놓은 플랫폼株가 있다고?,0
"코스피, 외인·기관 '팔자'에 1%대 하락 마감",2
"뉴욕증시, 휴장…폭스바겐 2.43%↓[간밤 해외시황]",0
"코스피, 이틀째 최고가 경신…""외국인 자금 유입 이어질 것""",1
"""역실적·역금융 장세에는 가치주+방어주 조합으로 대응해야""",0
"""소문에 사라더니…"" 지라시 믿은 개미들 '피눈물' [류은혁의 기업분석실]",0
"펄어비스, 증권가 부정적 전망에 약세",2
"엔켐, 美 4개 주에 전해액 공장 추가 증설 추진",0
퇴직연금에 테슬라·애플 담아볼까…집중투자 ETF 6개 동시 상장,0
 분할상장한 SKT·SK스퀘어 동반 하락,2
월드컵 한 달 전부터 주가 오르더니…가나전 패배에 결국,1
"마스턴투자운용, 경영진 대상 ESG 교육 진행",0
'VC 1호' KTB네트워크 내달 증시 입성,0
고금리에 흑자도산 우려…1년 내 갚을 빚부담 큰 기업은?,2
고금리에 흑자도산 우려…1년 내 갚을 빚부담 큰 기업은?,2
"""실적확대·자율주행 재평가...40만원 간다""",1
"이수화학, 회사 인적분할 소식에 주가 11%대 급락",2
"LG이노텍, 주가 40만원 간다… 증권사 호평에 신고가",1
"한국증권금융, '개인대주 접근성 개선' 관련 토론회 개최",1
"두산퓨얼셀, 600억원대 연료전지 시스템 공급계약 [주목 e공시]",1
(마감)코스피 기관 6351억 매도 우위,2
유로존 11월 CPI 10%↑…예상치 소폭 하회,0
 (30일) 대림건설 등,0
" 원/달러 환율 3.5원 내린 1,184.4원(개장)",0
"""이차전지株, 전기차 수요 확대·탈중국화로 반등 가능""-한화",1
회사채 시장 훈풍 부나…수요예측 흥행에 금리도 안정세,0
"금감원 ""무역회사 상대 외환사기 기승…5년간 1천379억원 피해""",0
(마감)코스피 기관 2675억 매수 우위,1
"환율, 넉달만에 1,300원 밑으로…19.1원 급락한 1,299.7원 마감",0
외인 매수·D램값 상승…삼성전자 4% 올라,1
"""화장품株, 내년 비중국 시장 실적이 관건""-하나",0
오미크론 확진자 발생에 진단키트주 강세,1
"""역시 반도체株""…삼성전자·SK하이닉스 동반 강세",1
삼성전자 다시 6만1000원대로 '뚝'…코스피도 1% 하락 중,2
"동성제약, 10억원 규모 자사주 취득 결정[주목 e공시]",0
"원/달러 환율 보합권 마감…0.2원 오른 1,299.9원",1
"컨슈머인텔리전스, 플랫폼 '리뷰쉐어' 통해 D2C 시장 선도",1
경기 회복기 투자전략…삼성전자는 '롱' TSMC는 '쇼트',0
" 미래에셋글로벌리츠, 코스피 상장 첫날 약보합…공모가 상회",0
"미래에셋대우, 족쇄 풀리자 목표가 줄상향…1조 이익 전망까지[분석+]",1
"뿔난 명성티엔에스 소액주주들, 경영 정상화 나서…""법무법인과 자문 계약""",1
삼성전자 '7만전자' 터치,0
 원·달러 환율 1080원대 진입…1082.1원 마감,1
"외환보유액 넉달만에 증가…11월 4천161억달러, 21억달러↑",1
"""中 코로나 봉쇄 완화""…화장품주 이틀째 '급등'",1
"美 상원 은행위원장 ""새로운 가상자산 규제안 마련 중""",0
"'70% 급등'…개미들 ""삼성전자 팔고 갈아타길 잘 했네""",1
[코스피·코스닥 전 거래일(5일) 주요공시],0
 비트코인 가격 폭락 소식에 관련주 '급락',2
막내린 월드컵 여정...들썩였던 치맥주 하락세,2
케이사인 상승…페이코 구글 서명키 유출 반사이익,1
"HK이노엔 ""코로나19 백신, 국내 1상 결과 분석 중""",0
"미 연준 최종금리 상향 우려에 환율 급등…1,318.8원 마감",0
거래소가 중국인 놀이터?…국내 상장 중국 기업 '먹튀 논란',0
"""블록체인 내년 최대 화두는 디지털화폐 실험""",0
"한투증권 ""SK하이닉스, 4Q+내년 영업적자…목표가 하향""",2
"신테카바이오, 항암신약 후보 동물실험 결과에 '上'",1
SK하이닉스 또 신저가…실적 부진 우려,2
"바이오플러스, 50억 규모 자사주 취득 신탁계약 체결[주목 e공시]",1
"푸드나무, 주당 100% 무상증자 결정",0
(마감)코스피 외국인 915억 순매도,2
(마감)코스피 기관 799억 매도 우위,2
"바이낸스, 전체 플랫폼 담보 비율 101%…초과 범위 자산 보유",0
"비덴트, 메타버스·NFT 신사업 추진…멀티플 확장 기대-하이",1
계속되는 외국인 '셀코리아'…코스피·코스닥 약세,2
"2차전지株, 또 오른다…삼성SDI 4%대 급등",1
"한솔제지, 한솔이엠이 매각 추진설에 “확정 사항 없어” [주목 e공시]",0
"진흥기업, 371억 규모 아파트 건설공사 수주 [주목 e공시]",1
닷새만에 139% 수익률 1위 등극…'가상자산 투자전쟁' 빗썸x한경 실전투자대회,1
"금감원장, 국내 은행지주 해외투자자 대상 온라인 간담회 개최",0
"넷마블, 카뱅 주식으로 1조 벌었다",0
"""재건축 3곳→12곳…부동산 공급 정책 지속될 것""",0
"알로이스, '오징어게임' 숨은 수혜주 부각에 급등",1
"""금융시장 안정책에 시장금리 하락""...채권발행도 숨통",0
'겨울 보너스' 배당 막차 타볼까…올해는 '○○'도 따져봐야[이슈+],0
"원/달러 환율 1.4원 내린 1,174.5원 마감…미국 물가 주시",0
"12월 둘째 주, 돈 되는 알짜배기 투자 정보는? [마켓PRO 위클리 리뷰]",0
"넥스트아이 ""모트뷰티바이오사모투자합자회사에 238억원 출자""",0
" 툴젠, 코스닥 이전상장 첫날 강세…공모가 상회",1
"우리넷, KT와 공급계약에 7%대 강세…장중 신고가",1
(마감)코스피 외국인 13637억 순매도,2
헝다 충격에도 위안화 초강세…기록적 수출로 달러 넘쳐,1
정유株 '방긋'…국제유가 급등,1
IPO시장 한파에 장외시장도 '냉각모드'…토스·컬리 70%대 급락,2
 (11일) 코닉글로리 등,0
"관리종목 해제...원풍물산, 상한가 직행",0
"메디톡스, 주당 0.05주 주식배당 [주목 e공시]",0
'상장 철회' 역대 최다…얼어붙은 IPO 시장,2
"플래티어, 메타버스 환경 속에서도 유연한 대처 가능-KB",0
"""제이앤티씨, 고객 다변화·제품 다각화로 실적 회복 전망""-유진",1
퇴직연금 수요 공략…한투운용 '금 현물 ETF' 국내 첫 출시,0
"""부산 디지털자산거래소 내년 출범""",0
"휴젤, 자사주 10만주 소각 결정[주목 e공시]",0
"메리츠운용, '강성부 펀드' KCGI에 매각 추진",2
"현대차, 4분기 생산회복 지연에도 영업익 기대치 부합 예상-KB",1
"코스피, 미국 물가 둔화에 상승 출발…2,380대로 올라",1
"원익머트리얼즈, '특수가스 호황' 저평가 분석에 3% 가까이 올라",1
"씨에스윈드, 899억 규모 풍력타워 공급 계약 소식에 강세",1
(마감)코스피 외국인 3681억 순매도,2
(마감)코스피 외국인 3605억 순매도,2
"美물가호재에 심리회복…코스피 2,400 육박·환율 9.7원 급락(종합)",0
"박스권 갇힌 LG전자…증권가 ""내년 초엔 오른다""",0
"Fed 매파 기조 재확인…코스피, 다시 2380선 후퇴",2
"일동제약, 코로나19 치료제 기대감에 급등…12월에만 90%↑",1
"종근당바이오, 코로나19 치료제 개발 기대감에 급등 '신고가'",1
"한창, 개장 동시에 上 직행…2차전지 '셀텍' 인수 영향",1
프리시젼바이오 “동물용 간질환 등 현장진단 제품으로 美 공략”,0
"미 금리 인상에 환율 상승…6.8원 오른 1,303.1원 마감",0
"""동아쏘시오홀딩스, 내년 자회사 기업가치 상승 반영될 것""-상상인",1
"美 차기 하원 금융위원장, 옐런에 '가상자산 과세 유예 요청' 서한 발송",0
"코스피, 美 부양책 기대감에 상승…""중소형 종목군 주목""",1
시장 예상에 부합한 FOMC…원/달러 환율 하락 출발,0
"웨이브(WAVES) 담보 스테이블코인 'USDN', 디페깅 심화…0.5달러대 거래",0
"""맛집이 메타버스 속으로""…식신, 공간 메타버스 '트윈코리아' 선보여",0
"엘브이엠씨, 470억원 주주배정 유상증자 결정",0
"""IT·콘텐츠·게임株가 내년 증시 주도""",0
" 원/달러 환율 1.2원 오른 1,185.1원(개장)",0
"롯데케미칼, 대산공장 2500억원 증설 투자…3% 강세",1
"'집콕 성탄'에는 주식공부…삼성증권 ""애널산타가 찾아옵니다""",0
(마감)프로그램 4332억 매수 우위,1
"대웅제약, 보톡스 분쟁 이슈 해소에 '신고가'…메디톡스도 상승",1
"두나무, 발달장애 예술가 전시회 '메리 하티즘' 후원…NFT 수수료 기부",0
"미스터블루·큐알티, 무상증자 권리락 나란히 '상한가'",1
"씨에스윈드, 주당 500원 현금배당 결정 [주목 e공시]",0
"바이낸스 US, 보이저 디지털 소유 디지털 자산 인수",0
"삼성전자 주식 어떡하지…증권가 ""12만전자 간다""",0
"케이카, 최대주주 지분 매각 소식에 4거래일 연속 '상승'",1
'배터리 3사' 2%대 하락…LG화학 52주 신저가,2
(마감)코스피 외국인 1033억 순매도,2
"달러 선호심리 속 환율 10원 가까이 오른 1,190.8원 마감",1
'공포'에 사서 기다렸다…'주식 필패론' 깬 개미군단,0
"""삼성전자, 내년 1분기부터 디램 가격 낙폭 감소 예상""-IBK",2
"유럽 재봉쇄 우려에 위험선호 약화…환율, 1,189.8원 개장",0
"HSD엔진, 삼성중공업과 선박용 엔진 공급계약 체결[주목 e공시]",1
"""이제와서 8만전자라니""…1조 팔아치운 개미들 '부글부글'",0
 코스피 0.23% 오른 2778.65 마감…또 '사상 최고',1
"코어사이언티픽, '채굴업계 최대 규모' 파산보호 신청 완료",0
"""LG디스플레이, 삼성전자·애플과 거래…목표가 상향""",1
'경영권 분쟁 불붙나'…오스템임플란트 '강세',1
의약품 업종 약세…'셀트리온 3형제' 2% 안팎 낙폭,2
'한국투자TDF알아서2050' 최근 3년 수익률 18.14%…전체 TDF 1위,0
"코스피, 변종 코로나19 여파에 1.6% '하락'…""당분간 숨고르기""",2
"시장 관망세에 원/달러 환율 0.9원 하락…1,192.0원 마감",0
"원·달러 환율, 6개월래 최저…1276.2원 마감",0
"""지금이 매수 타이밍""…휘청이는 삼성SDI 주가, 내년 오르나",1
"헥슬란트, 오르빗 브릿지 벨리데이터로 합류",0
"""땡큐 머스크"" 이차전지株, '천슬라' 회복에 동반강세",1
"""배당 받으려면 27일까지 주식거래 마쳐야""",0
"""올해 배당 받고 싶으면 28일까지 주식 매수해야""",0
"위험선호 심리 회복에 원/달러 환율 4.1원 하락…1,187.9원 마감",0
"제이오, 코스닥 상장 증권신고서 제출…IPO 재도전",0
" 원/달러 환율 1.9원 내린 1,106.0원(개장)",0
"""산타 왔나"" 장중 삼성전자 8만원·SK하이닉스 13만원 돌파",1
"현대차, 미래 모빌리티 전환 가속화 기대감에 주가 '강세'",1
(마감)프로그램 586억 매수 우위,1
"""제2의 반도체라더니…"" 개미들은 몰랐던 2차전지주 비밀 [한경우의 케이스 스터디]",0
"""2차전지株, 저조한 실적·정책 부재…당분간 주가 부진""-하나",2
"'경영권 매각' 헬릭스미스, 공매도 과열 종목 지정에 반등",1
"MDS테크, 주당 3주 배정 무상증자 결정에 7%대 '상승'",1
"SK증권, 단일 증권사 최초 TCFD 보고서 발간",0
"""EU 공급망 실사법 곧 윤곽…LG엔솔 분쟁광물 관리 인상적""",1
"매각설에 급등후 상승폭 축소…유안타·우리금융 ""사실무근""",0
"에이치앤비디자인, 관리종목 해소 기대감…유상증자 청약 순항",1
"블록오디세이, 투자법인 '벤처오디세이' 설립…스타트업 발굴 나선다",0
"코스피, 배당락 앞두고 2,330대로 상승…코스닥 700선 회복(종합)",1
"원/달러 환율 0.2원 상승…1,186.8원 마감",1
"KB증권, 네이버 인증서 활용 '모바일 등기우편 서비스' 개시",0
"온코닉테라퓨틱스, 美 '바이오텍 쇼케이스 2022' 참가",0
"코스피, 2,300선 '이탈'…배당락일 1%대 약세",2
원/위안 직거래 시장조성자에 국민은행 등 선정,0
"STX중공업, 125억 규모 선박용 엔진 공급계약 체결[주목 e공시]",1
"코스피, 기관 덕에 2800 지켜…삼성전자·LG전자 '신고가'",1
"인민은행, 中 금융기관 홍콩·해외 위안화 채권 발행 간소화",1
"""中 외자 판호 재개, 콘텐츠업 전체 호재…서브컬처 시장엔 더더욱""-하나",1
다시 '7만전자'로…간밤 美 증시 반도체주 부진 여파에 하락,2
휴일 의무휴업은 그대로…상생안 실망감에 이마트 하락,2
화이자 먹는 치료제 확산에…셀트리온 3형제는 '비명',2
"EDGC, 3D프린트 사용 배양육 세포제작 논문 국제학술지 게재",0
(마감)코스피 외국인 1435억 순매도,2
"""제2의 BYC 되나""…태광산업 주가 하루 만에 8% 급등",1
"웁살라시큐리티, 삼성 블록체인 지갑 AML 서비스 국가 확대",1
"노루페인트, 2차전지 소재株 편입되나…주가는 숨고르기",0
"피엔티, 474억 규모 2차전지 전극공정 장비 공급 계약[주목 e공시]",1
노스볼트 생산 돌입에 이차전지株 동반 하락…LG화학 또 신저가,2
"팬오션, 포르투갈 기업과 LNG선 장기대선계약 체결",1
"올해 마지막 거래일 원/달러 환율 2.3원 오른 1,188.8원 마감",0
